"STATION","NAME","LATITUDE","LONGITUDE","ELEVATION","DATE","EMNT","EMXT","TAVG","TMAX","TMIN"
"USR0000CTHO","THOMES CREEK CALIFORNIA, CA US","39.8644","-122.6097","317.0","2015","31","111","66.7","76.7","56.7"
"USC00049099","TWENTYNINE PALMS, CA US","34.128","-116.0369","602.0","2015","23","111","71.8","84.7","58.9"
"USR0000CRDR","READER RANCH CALIFORNIA, CA US","39.3036","-121.1172","599.8","2015","28","104","62.6","74.9","50.3"
"USR0000CABS","ARBUCKLE BASIN CALIFORNIA, CA US","40.3983","-122.8333","579.1","2015","29","103","62.7","71.1","54.3"
"USC00047902","SANTA BARBARA, CA US","34.4167","-119.6844","4.9","2015",,"101",,"74.5",
"USC00042214","CULVER CITY, CA US","34.005","-118.4139","28.0","2015","38","99","66.5","74.9","58.0"
"USR0000CREA","REDDING AIRPORT CALIFORNIA, CA US","40.5158","-122.2906","152.4","2015","21","113","65.1","79.1","51.0"
"USC00045968","MOUNT LAGUNA NUMBER 3, CA US","32.8672","-116.4194","1804.4","2015","13","91","55.5","65.5","45.6"
"US1CAMT0006","CASTROVILLE 1.6 ENE, CA US","36.7764","-121.7284","5.5","2015",,,,,
"US1CAMT0005","KING CITY 13.2 S, CA US","36.0249","-121.1745","336.5","2015",,,,,
"USR0000CGOO","GOOSE VALLEY CALIFORNIA, CA US","33.0736","-116.8458","466.3","2015","35","103","66.4","75.9","57.0"
"US1CAMT0003","LOCKWOOD 3.6 NW, CA US","35.9808","-121.1174","360.0","2015",,,,,
"USR0000CRCH","RANCHITA CALIFORNIA, CA US","33.2222","-116.4975","1345.7","2015","21","99","61.6","71.1","52.1"
"USC00044405","JOSHUA TREE, CA US","34.1471","-116.2747","781.2","2015","21","108","66.8","80.1","53.6"
"USC00047916","SANTA CRUZ, CA US","36.98785","-121.99952","21.3","2015","27","101","61.6","74.0","49.2"
"USC00046826","PETALUMA AIRPORT, CA US","38.2577","-122.6077","6.1","2015","24","100","59.7","72.7","46.6"
"USC00044881","LEE VINING, CA US","37.9567","-119.1194","2071.7","2015","8","92","50.6","63.9","37.2"
"USW00093210","OROVILLE MUNICIPAL AIRPORT, CA US","39.49","-121.61833","57.9","2015","27","108","64.9","77.3","52.5"
"US1CAIN0002","BISHOP 8.5 WSW, CA US","37.3227","-118.5404","1829.4","2015",,,,,
"USW00093209","PASO ROBLES MUNICIPAL AIRPORT, CA US","35.6697","-120.6283","246.9","2015","24","107","62.3","78.8","45.9"
"US1CASH0006","SHINGLETOWN 5.3 ENE, CA US","40.5239","-121.7957","1208.2","2015",,,,,
"USC00044412","JULIAN CDF, CA US","33.0763","-116.5925","1284.7","2015","19","96","59.0","68.5","49.5"
"US1CAMT0020","CASTROVILLE 1.6 ENE, CA US","36.777","-121.7269","5.2","2015",,,,,
"USC00045502","MECCA FIRE STATION, CA US","33.5697","-116.073","-55.8","2015","23","119","75.5","90.8","60.2"
"USC00041149","BUCKHORN, CA US","40.8669","-121.8463","1158.2","2015",,,,,
"USC00042239","CUYAMACA, CA US","32.9897","-116.5872","1414.3","2015","18","93","55.7","67.1","44.3"
"USC00044890","LEMON COVE, CA US","36.3817","-119.0264","156.4","2015","28","110","66.1","81.2","51.1"
"USW00093205","MARYSVILLE YUBA CO AIRPORT, CA US","39.1019","-121.5677","18.9","2015","26","108","63.8","77.7","49.8"
"USW00093206","SAN LUIS OBISPO MCCHESNEY FIELD, CA US","35.23722","-120.64139","61.0","2015","27","105","62.9","75.3","50.4"
"USS0020H12S","DISMAL SWAMP, CA US","41.99","-120.18","2243.3","2015","0","84","42.5","52.1","32.8"
"US1CASH0018","REDDING 3.6 N, CA US","40.6235","-122.3536","184.1","2015",,,,,
"USC00047933","SANTA MARGARITA BOOST, CA US","35.3741","-120.6375","349.9","2015",,,,,
"USC00041159","BUCKS CREEK, CA US","39.9372","-121.3147","576.4","2015",,,,,
"USC00043578","GRATON, CA US","38.4305","-122.8647","61.0","2015","20","105","60.0","76.4","43.5"
"USC00046602","PACOIMA DAM FC33A E, CA US","34.3294","-118.4005","472.4","2015",,,,,
"US1CASH0010","REDDING 7.9 NNE, CA US","40.6721","-122.2913","207.6","2015",,,,,
"USC00043573","GRASS VALLEY NUMBER 2, CA US","39.2041","-121.068","731.5","2015","23","99","58.4","71.2","45.5"
"USR0000CRAV","RAVENDALE CALIFORNIA, CA US","40.7308","-120.3164","1614.8","2015","1","97","49.6","63.3","35.8"
"US1CAMT0036","SALINAS 2.7 WSW, CA US","36.6702","-121.6811","11.6","2015",,,,,
"USC00044422","JUNCAL DAM, CA US","34.4908","-119.5069","688.8","2015",,,,,
"USR0000CCDG","CEDAR GROVE CALIFORNIA, CA US","36.7878","-118.6561","1438.7","2015","9","96","53.7","69.1","38.4"
"USW00024216","RED BLUFF MUNICIPAL AIRPORT, CA US","40.1519","-122.2536","107.6","2015","26","113","65.7","79.1","52.3"
"USW00023129","LONG BEACH DAUGHERTY AIRPORT, CA US","33.8116","-118.1463","9.4","2015","36","105","68.4","77.9","58.9"
"USW00024215","MOUNT SHASTA, CA US","41.3325","-122.33278","1077.5","2015","11","100","54.0","68.0","40.0"
"US1CATH0040","GERBER 3.5 SW, CA US","40.021","-122.1901","81.7","2015",,,,,
"USW00024213","EUREKA WEATHER FORECAST OFFICE WOODLEY ISLAND, CA US","40.8097","-124.1602","6.1","2015","30","77","54.5","61.0","48.0"
"US1CAYL0002","DAVIS 0.8 NE, CA US","38.5618","-121.7241","12.5","2015",,,,,
"US1CATH0037","RED BLUFF 5.7 W, CA US","40.1611","-122.3461","149.4","2015",,,,,
"US1CATH0039","LOS MOLINOS 4.5 N, CA US","40.0923","-122.1111","71.6","2015",,,,,
"USR0000CTE2","TEMESCAL LPF CALIFORNIA, CA US","34.4806","-118.7556","347.5","2015","27","104","65.8","79.6","51.9"
"USC00042012","CORCORAN IRRIGATION DIST., CA US","36.0975","-119.5817","61.0","2015",,,,,
"USW00023130","VAN NUYS AIRPORT, CA US","34.20972","-118.48917","234.7","2015","30","107","68.6","80.8","56.5"
"USR0000COZE","OZENA CALIFORNIA, CA US","34.6819","-119.3539","1118.6","2015","17","109","60.8","78.8","42.7"
"USR0000CIND","INDIAN WELL CALIFORNIA, CA US","41.7417","-121.5383","1453.9","2015","6","97","51.7","63.6","39.8"
"USR0000CCAR","CARRIZO CALIFORNIA, CA US","35.0964","-119.7728","759.0","2015","31","102","64.4","75.2","53.5"
"USR0000CCAT","CATHEYS VALLEY CALIFORNIA, CA US","37.4681","-120.1106","365.8","2015","30","104","64.8","75.2","54.4"
"USW00023136","CAMARILLO AIRPORT, CA US","34.21667","-119.08333","23.5","2015","32","108","65.0","76.1","54.0"
"US1CAYL0010","WOODLAND 2.8 SE, CA US","38.6471","-121.7322","11.6","2015",,,,,
"USC00046624","PALMDALE, CA US","34.5883","-118.0938","796.1","2015","23","105","64.5","78.8","50.2"
"US1CAOR0027","IRVINE 4.1 NNE, CA US","33.7183","-117.7721","46.3","2015",,,,,
"US1CAOR0021","ANAHEIM 4.9 ENE, CA US","33.8632","-117.7918","90.8","2015",,,,,
"US1CASH0050","SHINGLETOWN 10.3 ENE, CA US","40.5318","-121.7011","1285.3","2015",,,,,
"USR0000CMTZ","MOUNT ZION CALIFORNIA, CA US","38.3894","-120.6511","902.2","2015","27","101","62.7","71.5","53.9"
"US1CAOR0029","ANAHEIM 4.9 E, CA US","33.847","-117.7871","114.0","2015",,,,,
"US1CAYL0021","DAVIS 6.3 W, CA US","38.5613","-121.8522","26.2","2015",,,,,
"USR0000CEEL","EEL RIVER CALIFORNIA, CA US","39.8333","-123.0833","457.2","2015","21","109","60.9","77.2","44.5"
"US1CATH0011","RED BLUFF 5.1 NNW, CA US","40.2417","-122.2806","151.5","2015",,,,,
"USC00046635","PALM SPRINGS, CA US","33.8275","-116.5097","129.5","2015",,,,,
"US1CATH0012","COTTONWOOD 9.1 SW, CA US","40.2821","-122.3784","194.8","2015",,,,,
"USR0000CCAN","CANBY CALIFORNIA, CA US","41.4342","-120.8678","1314.3","2015",,,,,
"USR0000CCAM","CAMERON FIRE STATION CALIFORNI, CA US","32.7214","-116.4631","1049.4","2015","13","102","59.1","75.2","43.0"
"USR0000CCAL","CALLAHAN CALIFORNIA, CA US","41.3075","-122.7958","955.9","2015","16","103","56.0","68.5","43.4"
"USR0000CCAA","CAHUILLA CALIFORNIA, CA US","32.9736","-115.1736","84.7","2015","33","118","78.1","91.3","64.9"
"USR0000CEEC","EEL RIVER CAMP CALIFORNIA, CA US","40.1383","-123.8236","135.9","2015","26","108","59.4","73.2","45.7"
"US1CATH0019","RED BLUFF 2.8 N, CA US","40.2145","-122.2429","123.7","2015",,,,,
"USC00044211","IDYLLWILD FIRE DEPARTMENT, CA US","33.7572","-116.7066","1639.8","2015","17","93","55.2","68.2","42.2"
"US1CAOR0035","MISSION VIEJO 3.9 NNE, CA US","33.6645","-117.6264","320.3","2015",,,,,
"USW00023110","LEMOORE REEVES NAS, CA US","36.33333","-119.95","70.7","2015","23","108","64.8","79.9","49.7"
"US1CAOR0031","ORANGE 3.0 ENE, CA US","33.8261","-117.7781","197.8","2015",,,,,
"US1CAOR0039","ANAHEIM 7.3 E, CA US","33.8521","-117.7469","230.1","2015",,,,,
"US1CATH0020","COTTONWOOD 6.7 SSW, CA US","40.3071","-122.3472","178.3","2015",,,,,
"USR0000CGHP","GRASSHOPPER CALIFORNIA, CA US","40.7817","-120.7844","1877.0","2015","3","92","47.9","60.4","35.4"
"US1CATH0029","COTTONWOOD 3.9 SW, CA US","40.3579","-122.3416","136.2","2015",,,,,
"USC00041194","BURBANK VALLEY PUMP PLANT, CA US","34.1866","-118.348","199.6","2015",,,,,
"US1CASH0051","REDDING 3.8 S, CA US","40.5181","-122.3692","135.3","2015",,,,,
"USR0000CTAN","TANBARK CALIFORNIA, CA US","34.2069","-117.7606","792.5","2015","30","100","64.4","74.1","54.8"
"USC00044223","IMPERIAL, CA US","32.8488","-115.5666","-19.5","2015","28","118","76.1","90.0","62.1"
"USC00045795","MONTEREY, CA US","36.59031","-121.9055","79.2","2015","34","95","59.1","67.4","50.8"
"USR0000CCOH","COHASSET CALIFORNIA, CA US","39.8717","-121.7689","528.2","2015","33","104","65.2","73.7","56.6"
"USR0000CCOL","COLLINS BALDY CALIFORNIA, CA US","41.775","-122.9503","1674.3","2015","14","95","51.3","59.7","42.8"
"USC00049490","WEAVERVILLE, CA US","40.7367","-122.9404","627.3","2015","13","108","57.8","74.3","41.2"
"US1CAOR0001","ORANGE 3.5 ENE, CA US","33.8291","-117.77","247.2","2015",,,,,
"USW00023161","BARSTOW DAGGETT AIRPORT, CA US","34.8536","-116.7858","584.3","2015","19","114","69.3","83.2","55.5"
"USR0000CPHI","PINE HILLS CALIFORNIA, CA US","33.0164","-116.6339","0.0","2015","22","97","59.8","70.8","48.8"
"USW00024259","MONTAGUE SISKIYOU AIRPORT, CA US","41.78139","-122.46806","808.0","2015","8","106","54.7","69.9","39.6"
"USW00024257","REDDING MUNICIPAL AIRPORT, CA US","40.5175","-122.2986","151.5","2015","22","114","66.3","80.0","52.7"
"USR0000CCP9","CAMP 9 CALIFORNIA, CA US","34.3617","-118.4217","1219.2","2015","28","99","61.9","70.4","53.3"
"USR0000CPIE","PIERCE CALIFORNIA, CA US","40.2461","-120.6422","1737.4","2015",,,,,
"USC00040673","BEN LOMOND NUMBER 4, CA US","37.0855","-122.0797","128.0","2015",,"111",,"81.0",
"USR0000CCOU","CO LINE CALIFORNIA, CA US","39.0189","-122.4119","635.5","2015","30","106","64.0","74.2","53.8"
"USR0000CPIH","PINEHURST CALIFORNIA, CA US","36.6853","-119.0","1237.5","2015","22","99","59.7","70.3","49.1"
"USR0000CLAB","LOS BANOS CALIFORNIA, CA US","37.0547","-121.0531","106.7","2015","29","105","65.6","76.2","54.9"
"USR0000CCOO","COOSKIE MOUNTAIN CALIFORNIA, CA US","40.2569","-124.2661","899.2","2015","31","96","56.0","63.2","48.8"
"USR0000CCON","CONVERSE CALIFORNIA, CA US","34.1942","-116.9131","1712.4","2015","13","93","54.8","67.8","41.7"
"USR0000CCOR","CORRALITOS CALIFORNIA, CA US","36.9911","-121.7978","137.2","2015","28","102","60.5","73.9","47.1"
"USW00023174","LOS ANGELES INTERNATIONAL AIRPORT, CA US","33.938","-118.3888","29.6","2015","36","99","65.6","72.7","58.4"
"US1CAOR0016","NEWPORT BEACH 3.1 ESE, CA US","33.5894","-117.8652","25.6","2015",,,,,
"US1CAFR0013","CLOVIS 1.3 NE, CA US","36.833","-119.6808","114.3","2015",,,,,
"USC00047085","PORTOLA, CA US","39.8053","-120.4719","1478.3","2015","1","97","48.9","65.6","32.1"
"US1CAFR0014","FRESNO 2.4 NW, CA US","36.8053","-119.8222","97.2","2015",,,,,
"USC00040449","BALCH POWER HOUSE, CA US","36.9092","-119.0883","528.8","2015",,,,,
"USR0000CTOM","MOUNT TOM CALIFORNIA, CA US","37.3761","-119.1783","2748.7","2015","3","76","45.3","53.1","37.5"
"USW00023179","NEEDLES AIRPORT, CA US","34.7675","-114.6188","271.3","2015","28","118","76.8","89.0","64.7"
"US1CAOR0017","MISSION VIEJO 1.6 ENE, CA US","33.6239","-117.6275","310.3","2015",,,,,
"US1CAOR0019","MISSION VIEJO 1.3 SSE, CA US","33.5954","-117.6442","214.6","2015",,,,,
"USC00042863","ESCONDIDO NUMBER 2, CA US","33.121","-117.09","182.9","2015","31","102","67.8","79.4","56.1"
"USC00040444","BAKERSFIELD 5 NW, CA US","35.4186","-119.0508","143.3","2015","28","107","67.0","79.2","54.8"
"USC00041534","CARMEL VALLEY, CA US","36.4805","-121.7244","146.3","2015","28","101","60.1","73.8","46.5"
"USC00043714","HALF MOON BAY, CA US","37.4725","-122.4433","8.2","2015","30","78","57.0","65.1","48.8"
"US1CATH0005","RED BLUFF 6.0 W, CA US","40.1591","-122.3515","127.4","2015",,,,,
"US1CAFR0005","TOLLHOUSE 6.2 SSE, CA US","36.9342","-119.3586","425.8","2015",,,,,
"US1CAFR0008","HELM 2.7 NNE, CA US","36.5702","-120.0892","55.8","2015",,,,,
"US1CATH0009","RED BLUFF 1.1 S, CA US","40.1576","-122.2362","98.5","2015",,,,,
"US1CAFR0002","CLOVIS 2.9 N, CA US","36.8611","-119.6931","116.4","2015",,,,,
"USS0019L19S","EBBETTS PASS, CA US","38.55","-119.8","2671.6","2015","4","76","43.8","52.3","35.2"
"USC00040212","ANGWIN PACIFIC UNION COLLEGE, CA US","38.573","-122.4405","522.7","2015","28","98","59.6","71.5","47.7"
"USC00049026","TRINITY RIVER HATCHERY, CA US","40.7263","-122.7947","567.2","2015","16",,,,"42.5"
"USC00040693","BERKELEY, CA US","37.8744","-122.2605","94.5","2015","33","99","60.4","70.3","50.6"
"USR0000CCMO","CASE MOUNTAIN CALIFORNIA, CA US","36.4108","-118.8092","1966.0","2015","15","88","53.5","62.1","44.8"
"USR0000CCLE","CLEAR CREEK CALIFORNIA, CA US","34.2711","-118.1525","914.4","2015","31","96","63.4","71.1","55.7"
"USW00023152","BURBANK GLENDALE PASADENA AIRPORT, CA US","34.20056","-118.3575","225.9","2015","31","104","68.1","79.2","57.0"
"USW00023155","BAKERSFIELD AIRPORT, CA US","35.4344","-119.0542","149.0","2015","28","109","67.9","80.2","55.6"
"USC00049040","TRUCKEE TAHOE AIRPORT, CA US","39.318","-120.145","1798.3","2015","-10","93","45.5","63.8","27.2"
"USW00023157","BISHOP AIRPORT, CA US","37.3711","-118.358","1250.3","2015","5","108","59.1","77.7","40.4"
"USW00023158","BLYTHE ASOS, CA US","33.6186","-114.7142","120.4","2015","26","119","75.4","88.8","62.1"
"USC00041312","CALISTOGA, CA US","38.5961","-122.6013","121.9","2015","25","108","61.5","76.1","46.8"
"USC00042402","DE SABLA, CA US","39.8716","-121.6108","826.0","2015","22","103","59.8","73.4","46.3"
"USC00045915","MOUNT DIABLO JUNCTION, CA US","37.8792","-121.9303","661.4","2015","28","99","60.2","69.0","51.5"
"USC00041316","CALLAHAN, CA US","41.3111","-122.8044","970.8","2015","11","101","52.5","69.4","35.6"
"USR0000CCLV","CALAVERAS ROAD CALIFORNIA, CA US","37.5531","-121.8439","374.9","2015","33","100","60.5","69.0","52.1"
"USR0000CCLK","CLARK CALIFORNIA, CA US","33.8767","-117.3089","524.3","2015","29","107","66.5","79.3","53.7"
"USC00049035","TRONA, CA US","35.7636","-117.3908","516.6","2015","17","112","68.6","82.8","54.4"
"USS0020H13S","ADIN MOUNTAIN, CA US","41.24","-120.79","1886.7","2015","-6","88","44.5","56.9","32.1"
"USC00049298","VERDI 2 W, CA US","39.5214","-120.0269","1654.8","2015","6","94","51.0","63.1","38.8"
"USW00093230","SOUTH LAKE TAHOE AIRPORT, CA US","38.8983","-119.9947","1924.5","2015",,,,,
"USR0000CAGD","ARROYO GRANDE CALIFORNIA, CA US","35.1792","-120.3919","319.4","2015","26","107","63.5","78.7","48.4"
"USR0000CRIC","RICE VALLEY CALIFORNIA, CA US","34.0608","-114.7322","249.9","2015","23","117","74.7","89.0","60.3"
"US1CAMR0037","NOVATO 2.7 WNW, CA US","38.1104","-122.6","23.2","2015",,,,,
"USC00043747","HANFORD 1 S, CA US","36.3158","-119.637","72.2","2015","20","108","65.6","79.1","52.0"
"USR0000CGSP","GREEN SPRING CALIFORNIA, CA US","37.8331","-120.5","310.9","2015","28","105","63.5","75.2","51.8"
"USW00093225","SACRAMENTO METROPOLITAN AIRPORT, CA US","38.69556","-121.58972","7.0","2015","25","106","62.7","76.5","49.0"
"USW00093227","NAPA CO AIRPORT, CA US","38.2102","-122.2847","4.3","2015","23","101","58.0","70.9","45.2"
"USW00093228","HAYWARD AIR TERMINAL, CA US","37.6542","-122.115","13.1","2015","31","97","60.8","69.5","52.1"
"USC00040232","ANTIOCH PUMPING PLANT NUMBER 3, CA US","37.9833","-121.7525","18.3","2015","27","107","64.0","75.7","52.3"
"USW00003104","DESERT RESORTS REGIONAL AIRPORT, CA US","33.62667","-116.15944","-36.0","2015","20","119","73.7","90.0","57.4"
"USC00049063","TUOLUMNE MEADOWS RANGER STATION, CA US","37.8769","-119.3436","2649.9","2015",,,,,
"US1CAKG0003","LEMOORE 0.3 SW, CA US","36.295","-119.7914","68.0","2015",,,,,
"US1CAKG0004","HANFORD 3.6 N, CA US","36.3769","-119.6527","78.6","2015",,,,,
"US1CAVT0012","CAMARILLO 2.4 W, CA US","34.2275","-119.0715","34.7","2015",,,,,
"USW00003102","ONTARIO INTERNATIONAL AIRPORT, CA US","34.05611","-117.60028","289.3","2015","30","108","68.4","81.1","55.6"
"US1CAVT0016","CAMARILLO 0.6 N, CA US","34.2311","-119.0299","54.3","2015",,,,,
"USC00045933","MOUNT HAMILTON, CA US","37.3436","-121.6425","1282.0","2015","26","91","57.1","63.5","50.7"
"US1CAKG0005","HANFORD 1.7 WNW, CA US","36.3349","-119.6743","74.7","2015",,,,,
"US1CAMR0025","SAN ANSELMO 2.0 NNW, CA US","38.0096","-122.5801","62.2","2015",,,,,
"USW00023188","SAN DIEGO INTERNATIONAL AIRPORT, CA US","32.7336","-117.1831","4.6","2015","41","99","67.5","73.9","61.0"
"US1CASD0110","LA MESA 0.9 SW, CA US","32.7597","-117.0281","160.9","2015",,,,,
"USW00023187","SANDBERG, CA US","34.7436","-118.7242","1374.6","2015","24","99","61.4","70.9","51.8"
"USW00023182","PALMDALE AIRPORT, CA US","34.62944","-118.08361","769.2","2015","20","106","63.7","77.7","49.7"
"USC00049073","TURLOCK NUMBER 2, CA US","37.5005","-120.855","35.1","2015","28","102","63.6","75.2","52.1"
"USW00003131","SAN DIEGO MONTGOMERY FIELD, CA US","32.81583","-117.13944","127.1","2015","35","101","66.7","76.0","57.5"
"US1CAVT0001","THOUSAND OAKS 2.1 WSW, CA US","34.1772","-118.8984","210.9","2015",,,,,
"USW00004222","REDDING 12 WNW, CA US","40.6507","-122.6068","432.2","2015","24","110","62.7","76.3","49.1"
"US1CAMR0018","FAIRFAX 0.6 SSE, CA US","37.981","-122.5907","44.5","2015",,,,,
"USC00040010","ACAMPO 5 NE, CA US","38.2177","-121.2013","26.5","2015",,,,,
"US1CAVT0003","SIMI VALLEY 3.8 SW, CA US","34.2306","-118.8047","329.5","2015",,,,,
"USW00093245","BODEGA 6 WSW, CA US","38.3208","-123.0747","19.2","2015","35","79","55.7","61.5","49.8"
"USR0000CELC","EL CARISO CALIFORNIA, CA US","33.6472","-117.4111","926.0","2015","32","105","66.6","77.5","55.8"
"US1CASD0101","VALLEY CENTER 6.4N, CA US","33.3108","-117.0409","413.6","2015",,,,,
"USW00024286","CRESCENT CITY MCNAMARA AIRPORT, CA US","41.78028","-124.23667","17.1","2015","33","80","53.9","60.0","47.7"
"USW00024283","ARCATA EUREKA AIRPORT, CA US","40.97806","-124.10861","61.0","2015","29","84","53.3","60.9","45.8"
"USW00093241","VACAVILLE NUT TREE AIRPORT, CA US","38.3775","-121.9575","33.2","2015","24","110","63.9","78.4","49.5"
"US1CASD0105","BOULEVARD 4.4 WSW, CA US","32.6447","-116.3478","1073.2","2015",,,,,
"USW00093242","MADERA MUNICIPAL AIRPORT, CA US","36.98778","-120.11056","77.1","2015","26","107","64.7","78.8","50.7"
"US1CASD0104","DESCANSO 0.8 N, CA US","32.8651","-116.6175","1062.8","2015",,,,,
"USW00093243","MERCED 23 WSW, CA US","37.2381","-120.8825","23.8","2015","19","106","60.8","77.8","43.7"
"USR0000CCHB","CHEESEBORO CALIFORNIA, CA US","34.1847","-118.7172","502.9","2015","38","104","68.1","78.3","57.9"
"USR0000CPAN","PANAMINT CALIFORNIA, CA US","36.1203","-117.0878","2097.0","2015",,,,,
"USR0000CACT","ACTON CALIFORNIA, CA US","34.4458","-118.2","792.5","2015","22","105","63.1","78.0","48.2"
"USR0000CTIM","TIMBER MOUNTAIN CALIFORNIA, CA US","41.6294","-121.2981","1511.8","2015","9","98","52.3","62.9","41.7"
"USW00003122","TORRANCE AIRPORT, CA US","33.8016","-118.3419","27.4","2015","34","99","65.7","75.2","56.3"
"USR0000CVND","VANDENBERG CALIFORNIA, CA US","34.7586","-120.4861","320.0","2015","37","93","61.2","70.2","52.1"
"USC00044863","LEBEC, CA US","34.83328","-118.86497","1089.7","2015",,"98",,"70.6",
"USR0000CCHU","CHUCHUPATE CALIFORNIA, CA US","34.8083","-119.0125","1493.5","2015","6","95","51.2","68.7","33.8"
"US1CAMR0009","PETALUMA 10.1 W, CA US","38.2475","-122.8119","36.3","2015",,,,,
"USC00040029","ADIN RANGER STATION, CA US","41.1936","-120.9447","1278.6","2015",,,,,
"USR0000CPAT","PATTY MOCUS CALIFORNIA, CA US","40.295","-122.8667","1066.8","2015","24","103","60.6","71.6","49.5"
"USR0000CELI","MOUNT ELIZABETH CALIFORNIA, CA US","38.0631","-120.2469","1503.6","2015","20","97","58.5","67.3","49.6"
"USW00023191","AVALON CATALINA AIRPORT, CA US","33.405","-118.41583","488.3","2015","42","97","63.5","70.4","56.7"
"USR0000CPAR","PARKFIELD CALIFORNIA, CA US","35.8989","-120.4319","467.9","2015","21","107","61.1","78.2","44.1"
"USW00023190","SANTA BARBARA MUNICIPAL AIRPORT, CA US","34.4258","-119.8425","2.7","2015","30","96","62.7","73.5","51.9"
"USR0000CELM","EL MIRAGE CALIFORNIA, CA US","34.6344","-117.5503","877.8","2015",,,,,
"USW00003159","LANCASTER, CA US","34.7411","-118.2116","712.6","2015","14","108","63.1","78.3","47.8"
"USC00047470","RIVERSIDE FIRE STATION 3, CA US","33.9511","-117.388","256.0","2015","28","108","68.6","81.7","55.4"
"USS0019L24S","HEAVENLY VALLEY, CA US","38.92","-119.92","2615.8","2015","0","74","42.5","52.4","32.6"
"USC00049888","YUCCA VALLEY, CA US","34.1294","-116.3879","990.3","2015","22","104","64.4","77.1","51.7"
"USC00049884","YUCCA MESA, CA US","34.2182","-116.4073","1050.0","2015","26","106","65.9","77.2","54.6"
"USC00046136","NEVADA CITY, CA US","39.2466","-121.0008","847.6","2015","25","98","58.7","69.6","47.8"
"USR0000CKET","KETTLEMAN HILLS CALIFORNIA, CA US","36.0333","-120.0569","246.9","2015","32","108","68.7","78.9","58.6"
"USR0000CSVA","SPRING VALLEY CALIFORNIA, CA US","37.5625","-122.4364","327.7","2015","36","96","57.9","65.3","50.4"
"USR0000CMIO","MILO CALIFORNIA, CA US","36.2314","-118.8689","586.1","2015","31","104","66.3","75.1","57.4"
"USS0020L02S","RUBICON NUMBER 2, CA US","39.0","-120.13","2343.6","2015","12","80","46.6","54.2","39.0"
"USW00003144","IMPERIAL CO AIRPORT, CA US","32.83417","-115.57861","-17.7","2015","27","118","75.4","89.8","61.1"
"USC00046144","NEWARK, CA US","37.5147","-122.0325","3.0","2015","34","97","61.6","70.2","53.0"
"USC00046386","OCOTILLO WELLS 2 W, CA US","33.1552","-116.1688","118.9","2015","31","117","77.0","88.0","65.9"
"USC00041948","COLUSA 2 SSW, CA US","39.1875","-122.0269","15.2","2015","23","108","63.6","77.5","49.7"
"USW00003177","CARLSBAD MCCLELLAN PALOMAR AIRPORT, CA US","33.12806","-117.27944","100.0","2015","38","100","65.2","72.2","58.2"
"USW00003179","CHINO AIRPORT, CA US","33.97528","-117.63611","198.1","2015","24","109","67.9","83.1","52.7"
"USW00003178","SAN DIEGO BROWN FIELD, CA US","32.57222","-116.97944","157.0","2015","32","102","65.3","75.5","55.1"
"USR0000CKEE","KEENWILD CALIFORNIA, CA US","33.6667","-116.7667","1499.6","2015","20","96","59.3","70.1","48.5"
"USR0000CMIL","MILL CREEK ANF CALIFORNIA, CA US","34.3903","-118.0825","1530.4","2015","23","91","58.8","66.7","51.0"
"USC00041700","CHESTER, CA US","40.3033","-121.2422","1380.7","2015","6","97","50.3","65.5","35.2"
"USW00003171","RIVERSIDE MUNICIPAL AIRPORT, CA US","33.95194","-117.43861","245.2","2015","30","108","68.8","81.9","55.7"
"USR0000CSUF","SUGARLOAF SHF CALIFORNIA, CA US","40.9167","-122.4383","1280.2","2015","24","103","59.9","69.4","50.4"
"USC00045064","LOMPOC, CA US","34.6538","-120.4513","22.9","2015","32","94","62.2","73.1","51.3"
"USC00046154","NEW CUYAMA FIRE STATION, CA US","34.9455","-119.6827","658.4","2015","19","101","61.2","78.5","44.0"
"USR0000CBSR","BIG SUR CALIFORNIA, CA US","36.2356","-121.785","137.2","2015","34","99","61.3","72.4","50.1"
"USR0000CMID","MID HILLS CALIFORNIA, CA US","35.1231","-115.4114","1649.9","2015","21","95","58.7","68.6","48.8"
"USC00047248","RANCHO BERNARDO, CA US","33.0216","-117.0813","210.3","2015","31","100","66.4","76.3","56.5"
"USC00046399","OJAI, CA US","34.4477","-119.2275","227.1","2015","21","105","62.5","80.4","44.5"
"US1CAPC0007","ROSEVILLE 4.7 WNW, CA US","38.7802","-121.3766","29.3","2015",,,,,
"USR0000CBRI","BRIONES CALIFORNIA, CA US","37.9442","-122.1178","442.0","2015","33","101","60.2","69.5","50.8"
"USR0000CDVR","DEVORE CALIFORNIA, CA US","34.2211","-117.4044","627.0","2015","28","104","66.9","77.0","56.7"
"USR0000CSTA","STAMPEDE CALIFORNIA, CA US","39.4833","-120.075","2093.1","2015","-1","92","47.8","62.9","32.8"
"USC00048351","SONOMA, CA US","38.2994","-122.4622","29.6","2015","24","105","60.5","74.4","46.6"
"USR0000CBRO","BROOKS CALIFORNIA, CA US","38.7383","-122.1447","107.9","2015","23","109","64.9","79.1","50.8"
"US1CASS0001","KNIGHTS FERRY 5.2 WSW, CA US","37.7892","-120.7518","43.9","2015",,,,,
"USS0019L45S","CARSON PASS, CA US","38.69","-119.99","2546.0","2015","3","77","42.9","52.3","33.5"
"USR0000COKO","OAK OPENING CALIFORNIA, CA US","36.1753","-118.7017","987.6","2015","23","106","62.8","74.4","51.2"
"USC00042805","ELSINORE, CA US","33.686","-117.3458","386.5","2015","27","108","68.4","82.4","54.4"
"USR0000COKN","OAKLAND NORTH CALIFORNIA, CA US","37.865","-122.2208","427.6","2015","32","96","58.2","65.7","50.7"
"USW00003164","CAMPO ASOS, CA US","32.6261","-116.4681","805.0","2015","17","105","60.0","76.2","43.8"
"USR0000CBRA","BRANCH MOUNTAIN CALIFORNIA, CA US","35.1889","-120.0833","1149.1","2015","26","99","60.3","69.7","51.0"
"USW00003166","FULLERTON MUNICIPAL AIRPORT, CA US","33.87194","-117.97889","29.3","2015","35","105","69.0","79.7","58.2"
"USR0000COKS","OAKLAND SOUTH CALIFORNIA, CA US","37.7861","-122.1447","333.8","2015","33","98","58.6","66.5","50.7"
"USW00003167","HAWTHORNE MUNICIPAL AIRPORT, CA US","33.92278","-118.33417","19.2","2015",,,,,
"USR0000CSTO","STONYFORD CALIFORNIA, CA US","39.3669","-122.575","365.8","2015","23","109","62.8","78.1","47.6"
"USC00048587","STONY GORGE RESERVOIR, CA US","39.5861","-122.5341","243.8","2015","22","110","62.6","78.3","46.9"
"USC00047253","RANDSBURG, CA US","35.3692","-117.6525","1088.1","2015",,,,,
"USC00046168","NEWMAN, CA US","37.2811","-121.0177","27.4","2015","23","113","67.2","83.6","50.8"
"US1CAAL0003","CASTRO VALLEY 0.4 NNE, CA US","37.7169","-122.0585","163.4","2015",,,,,
"USC00049452","WASCO, CA US","35.5892","-119.352","88.7","2015",,"108",,"81.3",
"US1CAAL0001","PIEDMONT 1.0 SE, CA US","37.8123","-122.216","113.4","2015",,,,,
"USR0000CDUN","DUNCAN CALIFORNIA, CA US","39.1439","-120.5089","2164.1","2015",,,,,
"USC00041967","CONCORD WASTEWATER PLANT, CA US","37.9833","-122.0692","12.2","2015","29","104","63.8","75.9","51.7"
"USR0000CSRS","SANTA ROSA CALIFORNIA, CA US","38.4786","-122.7119","175.6","2015","32","102","61.1","72.2","50.1"
"US1CAST0004","HOLLISTER 5.4 NNE, CA US","36.9306","-121.3704","75.3","2015",,,,,
"US1CAST0005","HOLLISTER 2.1 ESE, CA US","36.8422","-121.365","118.6","2015",,,,,
"USR0000COKG","OAK GROVE CALIFORNIA, CA US","33.3933","-116.795","838.8","2015","20","104","62.6","77.3","47.9"
"US1CAST0006","HOLLISTER 0.3 WSW, CA US","36.8544","-121.4035","99.4","2015",,,,,
"USR0000CDVA","DEL VALLE CALIFORNIA, CA US","34.4311","-118.6828","389.5","2015","29","108","67.1","80.2","54.0"
"US1CAST0002","SAN JUAN BAUTISTA 0.5 S, CA US","36.8393","-121.5375","76.8","2015",,,,,
"US1CAKN0001","INYOKERN 9.4 WSW, CA US","35.6345","-117.9782","1316.4","2015",,,,,
"USC00046175","NEWPORT BEACH HARBOR, CA US","33.6031","-117.8836","3.0","2015","42","92","65.3","70.7","59.9"
"USC00048353","SONORA, CA US","37.9672","-120.3872","510.5","2015","22","103","59.0","74.4","43.5"
"USS0019L05S","BLUE LAKES, CA US","38.61","-119.92","2455.8","2015","1","78","42.7","53.0","32.4"
"USR0000CMET","METCALF GAP CALIFORNIA, CA US","37.4094","-119.7681","937.9","2015","26","104","64.2","73.8","54.6"
"USR0000CBPI","BIG PINE FLAT CALIFORNIA, CA US","34.3194","-117.0131","2091.2","2015","8","93","51.2","65.1","37.4"
"US1CAHM0026","BRIDGEVILLE 5.2 ENE, CA US","40.4734","-123.7013","815.3","2015",,,,,
"USC00046194","NICOLAUS NUMBER 2, CA US","38.9261","-121.5447","13.1","2015",,,,,
"US1CAHM0022","WILLOW CREEK 4.5 NNE, CA US","40.9392","-123.6236","199.6","2015",,,,,
"USC00043914","HENSHAW DAM, CA US","33.2372","-116.7614","823.0","2015","17","105","59.2","76.5","41.9"
"USC00041738","CHIRIACO SUMMIT, CA US","33.6617","-115.7206","520.0","2015",,"111",,"85.0",
"USS0020K13S","TRUCKEE NUMBER 2, CA US","39.3","-120.18","1983.9","2015","8","88","48.7","60.0","37.3"
"USR0000CSQU","SQUAW LAKE CALIFORNIA, CA US","32.9083","-114.4944","91.4","2015","30","117","77.4","89.1","65.8"
"USR0000CMEN","MENDOCINO PASS CALIFORNIA, CA US","39.8075","-122.945","1652.0","2015","18","92","53.4","61.8","45.1"
"USR0000CSQS","SQUAW SPRINGS CALIFORNIA, CA US","35.37","-117.5683","1103.4","2015","28","106","66.0","75.9","56.0"
"USR0000CSRI","SANTA ROSA ISLAND CALIFORNIA, CA US","33.9778","-120.0778","395.6","2015","41","97","60.7","67.0","54.3"
"USR0000CSRO","SANTA ROSA PLATEAU CALIFORNIA, CA US","33.5286","-117.2306","603.5","2015","30","102","65.2","75.5","54.9"
"US1CATY0003","DOUGLAS CITY 2.4 SW, CA US","40.6326","-122.9777","514.8","2015",,,,,
"USC00049699","WILLOWS 6 W, CA US","39.52316","-122.3048","71.3","2015",,,,,
"USC00048122","SHAFTER 6 E, CA US","35.4867","-119.1458","123.1","2015","25","105","64.5","79.4","49.6"
"US1CALS0002","SUSANVILLE 3.5 SSW, CA US","40.363","-120.674","1325.0","2015",,,,,
"US1CAKN0013","ONYX 2.8 ENE, CA US","35.7022","-118.1739","926.3","2015",,,,,
"USC00048380","SO ENTRANCE YOSEMITE N.P., CA US","37.5122","-119.6331","1538.3","2015","11","90","50.4","63.1","37.7"
"USC00049473","WATSONVILLE WATERWORKS, CA US","36.9308","-121.7691","29.0","2015","31","101","61.0","72.0","50.0"
"USR0000CBOG","BOGARD RANGER STATION CALIFORNIA, CA US","40.5981","-121.0831","1722.1","2015","-16","97","46.1","64.1","28.2"
"US1CAHM0038","KNEELAND 0.4 NNW, CA US","40.7659","-123.9985","612.0","2015",,,,,
"US1CAAL0022","FREMONT 1.9 SE, CA US","37.513","-121.9691","9.8","2015",,,,,
"US1CAHM0035","EUREKA 2.2 S, CA US","40.7642","-124.1476","59.1","2015",,,,,
"USR0000CMEA","MEANS LAKE CALIFORNIA, CA US","34.3906","-116.5169","883.9","2015","17","109","66.9","81.3","52.5"
"US1CADN0008","CRESCENT CITY 7.8 NNE, CA US","41.8617","-124.1437","29.0","2015",,,,,
"USC00048135","SHASTA DAM, CA US","40.7141","-122.4161","327.7","2015","32","110","65.8","77.0","54.6"
"USS0019L03S","HAGAN S MEADOW, CA US","38.85","-119.94","2370.1","2015","-5","81","43.3","57.0","29.7"
"USC00046197","NILAND, CA US","33.2775","-115.5239","-18.3","2015",,,,,
"USR0000CBOO","BOONVILLE CALIFORNIA, CA US","38.9875","-123.3486","196.3","2015","28","103","60.0","73.1","46.9"
"US1CAAL0018","BERKELEY 4.0 E, CA US","37.8575","-122.2256","349.9","2015",,,,,
"USC00049001","TRACY PUMPING PLANT, CA US","37.79589","-121.58319","18.6","2015","27","106","65.2","77.3","53.0"
"USR0000CBNL","BEN LOMOND CALIFORNIA, CA US","37.1317","-122.17","801.6","2015","32","98","59.7","67.9","51.5"
"US1CAHM0048","WILLOW CREEK 4.9 NNE, CA US","40.9473","-123.6279","152.7","2015",,,,,
"USC00041758","CHULA VISTA, CA US","32.64","-117.0858","17.1","2015","36","99","66.3","74.3","58.4"
"USC00043937","HESPERIA 2 E, CA US","34.4206","-117.2661","931.2","2015","23","104","63.9","77.3","50.6"
"US1CAHM0044","REDWAY 1.8 WSW, CA US","40.1093","-123.8519","291.1","2015",,,,,
"US1CAHM0047","HYDESVILLE 11.4 NE, CA US","40.6578","-123.9245","745.5","2015",,,,,
"USC00043939","HETCH HETCHY, CA US","37.9613","-119.783","1179.6","2015","16","97","57.5","68.7","46.2"
"USR0000CMCG","MCGUIRES CALIFORNIA, CA US","39.3528","-123.6011","180.7","2015","27","101","57.6","69.5","45.7"
"USR0000CSOM","SOMES BAR CALIFORNIA, CA US","41.39","-123.4958","280.4","2015","24","114","61.3","75.5","47.1"
"USC00041990","COPCO NUMBER 1 DAM, CA US","41.9797","-122.3378","823.9","2015","17","108","56.2","70.9","41.5"
"USS0019L40S","MONITOR PASS, CA US","38.67","-119.61","2532.9","2015","2","79","44.9","54.6","35.0"
"USR0000CMSA","MARIPOSA CALIFORNIA, CA US","37.5042","-119.9869","680.0","2015","23","103","61.6","74.6","48.6"
"US1CASR0034","RANCHO CUCAMONGA 1.6 W, CA US","34.1223","-117.5977","420.3","2015",,,,,
"USR0000COWE","OWENS CAMP LOC CALIFORNIA, CA US","38.7333","-120.245","1597.2","2015","11","94","52.6","67.2","38.0"
"US1CAMD0017","LAYTONVILLE 1.1 SW, CA US","39.6724","-123.4898","502.0","2015",,,,,
"US1CAAM0009","VOLCANO 3.2 N, CA US","38.4882","-120.6313","739.4","2015",,,,,
"USR0000CKON","KONOCTI CALIFORNIA, CA US","38.9119","-122.7064","659.3","2015","31","103","63.1","73.5","52.7"
"USR0000COWV","OWENS VALLEY CALIFORNIA, CA US","37.39","-118.5506","1414.3","2015","15","105","61.1","74.9","47.3"
"USC00043261","FRIANT GOVERNMENT CAMP, CA US","36.9969","-119.7072","125.0","2015","28","109","65.0","78.8","51.3"
"US1CASR0036","FAWNSKIN 0.3 NE, CA US","34.2712","-116.9383","2142.7","2015",,,,,
"USC00046773","PEARBLOSSOM, CA US","34.5025","-117.8969","945.2","2015","23","104","64.8","77.7","52.0"
"US1CAMD0001","UKIAH 8.4 NW, CA US","39.2206","-123.3312","759.6","2015",,,,,
"US1CASR0020","LANDERS 1.6 NE, CA US","34.2828","-116.3751","900.4","2015",,,,,
"US1CASR0022","MORONGO VALLEY 2.3 NE, CA US","34.0867","-116.5618","960.7","2015",,,,,
"USC00043038","FIDDLETOWN DEXTER RANCH, CA US","38.5236","-120.7061","658.4","2015",,,,,
"USR0000CKNO","KNOXVILLE CREEK CALIFORNIA, CA US","38.8619","-122.4172","670.6","2015","25","106","61.2","74.0","48.3"
"USR0000CMS2","MOUNT SHASTA CALIFORNIA, CA US","41.3156","-122.3156","0.0","2015","11","99","53.2","66.7","39.7"
"US1CAAM0003","VOLCANO 6.4 NE, CA US","38.4986","-120.5364","1115.3","2015",,,,,
"US1CASR0029","RIALTO 2.1 N, CA US","34.1442","-117.381","451.7","2015",,,,,
"USR0000CMRK","MARKLEEVILLE CALIFORNIA, CA US","38.6833","-119.7667","1676.7","2015","1","93","50.8","65.2","36.4"
"USR0000CEAG","EAGLE PEAK CALIFORNIA, CA US","39.9278","-122.6569","1131.7","2015","25","99","59.8","67.1","52.5"
"USC00047888","SANTA ANA FIRE STATION, CA US","33.7442","-117.8667","41.1","2015","39","106","69.3","79.5","59.1"
"USC00047880","SAN RAFAEL CIVIC CEN, CA US","37.99833","-122.53722","36.6","2015",,,,,
"USC00047643","SAINT HELENA, CA US","38.5066","-122.4713","68.6","2015","25","105","63.1","77.1","49.2"
"US1CAHM0009","MCKINLEYVILLE 2.3 NE, CA US","40.9778","-124.086","82.3","2015",,,,,
"US1CAMD0021","ALBION 4.0 SE, CA US","39.1878","-123.7096","193.9","2015",,,,,
"US1CAHM0004","MCKINLEYVILLE 2.7 SE, CA US","40.9231","-124.084","99.1","2015",,,,,
"US1CASR0043","YUCCA VALLEY 2.7 ENE, CA US","34.1295","-116.3877","992.7","2015",,,,,
"USR0000CMOU","MOUNTAIN REST CALIFORNIA, CA US","37.0544","-119.3711","1249.7","2015","22","97","60.5","69.5","51.5"
"USR0000CVAY","VALYERMO CALIFORNIA, CA US","34.4456","-117.8511","1152.1","2015","17","105","60.8","75.8","45.8"
"US1CASR0046","JOSHUA TREE 0.0 ESE, CA US","34.1269","-116.3175","878.7","2015",,,,,
"USR0000CVAN","VAN BREMMER CALIFORNIA, CA US","41.6431","-121.7939","1502.1","2015","8","98","51.8","63.0","40.7"
"USR0000CVAL","VALLEY CENTER CALIFORNIA, CA US","33.2372","-117.0086","452.0","2015","29","102","65.8","78.3","53.4"
"USC00045233","MADERA, CA US","36.9539","-120.0378","82.3","2015","26","105","64.3","77.2","51.3"
"USS0019L44S","HORSE MEADOW, CA US","38.84","-119.89","2608.2","2015","2","76","43.7","52.8","34.7"
"US1CAPC0024","APPLEGATE 0.5 SE, CA US","38.9962","-120.986","604.4","2015",,,,,
"USC00048758","TAHOE CITY, CA US","39.1678","-120.1428","1898.9","2015","5","88","46.5","60.0","32.9"
"USC00047668","SALINAS NUMBER 2, CA US","36.6594","-121.6663","13.7","2015","30","98","60.1","71.3","48.9"
"USC00048999","TRACY CARBONA, CA US","37.6819","-121.3466","41.1","2015",,,,,
"US1CAPC0021","ROSEVILLE 2.4 SE, CA US","38.7399","-121.2575","47.5","2015",,,,,
"USR0000CBZE","BRAZIE RANCH CALIFORNIA, CA US","41.6853","-122.5942","914.4","2015","20","105","57.6","69.2","46.1"
"USC00044394","JOHNSON VALLEY, CA US","34.3591","-116.5378","965.3","2015","22","103","64.1","76.4","51.7"
"US1CASA0039","FAIR OAKS 1.9 N, CA US","38.6762","-121.2518","60.7","2015",,,,,
"USC00046572","OXNARD WEATHER FORECAST OFFICE, CA US","34.2066","-119.1375","15.8","2015","34","99","64.0","74.2","53.8"
"USC00046336","OAKLAND MUSEUM, CA US","37.7983","-122.2642","9.1","2015",,,,,
"US1CASA0031","FOLSOM 0.5 W, CA US","38.6754","-121.1556","102.1","2015",,,,,
"US1CASA0030","LA RIVIERA 1.0 NE, CA US","38.5753","-121.34","19.5","2015",,,,,
"USC00047681","SALSIPUEDES GAGING STATION, CA US","34.5686","-120.4083","80.5","2015",,,,,
"USS0019L43S","FORESTDALE CREEK, CA US","38.68","-119.96","2443.6","2015","3","80","45.4","55.6","35.1"
"USC00043083","FIVE POINTS 5 SSW, CA US","36.3642","-120.1561","86.9","2015",,,,,
"USS0020L06S","ECHO PEAK, CA US","38.85","-120.08","2337.8","2015","9","79","46.7","54.7","38.6"
"US1CAPC0013","NEWCASTLE 1.6 SSE, CA US","38.851","-121.123","243.8","2015",,,,,
"US1CAPC0011","COLFAX 3.1 SW, CA US","39.061","-120.9911","633.1","2015",,,,,
"USC00047672","SALINAS DAM, CA US","35.3372","-120.5038","424.3","2015",,,,,
"USR0000CMNC","MONTECITO CALIFORNIA, CA US","34.4614","-119.6481","457.2","2015","40","102","66.7","74.7","58.8"
"USC00048760","TAHOMA, CA US","39.06","-120.1292","1924.8","2015",,,,,
"US1CASA0029","FOLSOM 0.6 NE, CA US","38.6823","-121.1375","121.6","2015",,,,,
"USS0019L42S","SUMMIT MEADOW, CA US","38.4","-119.54","2838.6","2015","1","75","42.0","50.4","33.5"
"US1CABT0026","GRIDLEY 3.3 SE, CA US","39.3348","-121.6458","28.0","2015",,,,,
"USR0000CQUA","QUARTZ HILL CALIFORNIA, CA US","41.5992","-122.9336","1287.8","2015","17","100","55.6","65.9","45.4"
"USR0000CMLR","MALLORY RIDGE CALIFORNIA, CA US","37.8172","-121.7789","621.8","2015",,,,,
"USC00041907","COLEMAN FISHERIES STATION, CA US","40.4","-122.1433","128.0","2015",,,,,
"US1CASR0014","JOSHUA TREE 2.0 S, CA US","34.0973","-116.3178","1039.1","2015",,,,,
"USC00049866","YREKA, CA US","41.7036","-122.6408","800.1","2015","13","108","55.8","70.7","41.0"
"US1CASR0016","JOSHUA TREE 2.8 ENE, CA US","34.1472","-116.2747","781.8","2015",,,,,
"USC00046597","PACIFIC HOUSE, CA US","38.7583","-120.503","1051.6","2015","18","98","54.4","67.6","41.2"
"USC00049621","WHISKEYTOWN RESERVOIR, CA US","40.6116","-122.528","394.7","2015","28","113","64.3","76.9","51.7"
"USR0000CQUI","QUINCY RD CALIFORNIA, CA US","39.9733","-120.9419","1066.8","2015","12","106","55.7","73.6","37.7"
"USS0019L41S","BURNSIDE LAKE, CA US","38.72","-119.89","2477.7","2015","-12","77","40.4","54.0","26.7"
"USR0000COPA","OPAL MOUNTAIN CALIFORNIA, CA US","35.1542","-117.1756","987.6","2015","26","105","66.4","77.9","54.9"
"USC00045280","MAMMOTH LAKES RANGER STATION, CA US","37.6478","-118.9617","2378.7","2015","-9","85","45.7","59.0","32.3"
"USR0000CBVR","BEAVER CAMP LOC CALIFORNIA, CA US","38.4883","-120.325","1524.0","2015","19","100","59.2","70.6","47.7"
"USC00041912","COLFAX, CA US","39.0911","-120.948","725.4","2015","25","106","62.8","76.3","49.4"
"USC00041916","COLGATE POWERHOUSE, CA US","39.3308","-121.1922","181.4","2015",,,,,
"US1CASR0002","HESPERIA 2.1 E, CA US","34.4199","-117.2647","933.3","2015",,,,,
"US1CASR0003","WRIGHTWOOD 1.2 WNW, CA US","34.3651","-117.6511","1873.9","2015",,,,,
"US1CASR0004","UPLAND 0.5 ESE, CA US","34.1151","-117.6498","431.3","2015",,,,,
"US1CALA0036","PASADENA 2.0 SE, CA US","34.1392","-118.1161","225.2","2015",,,,,
"USR0000CDIA","DIABLO GRANDE CALIFORNIA, CA US","37.3292","-121.2939","563.9","2015","32","101","63.2","72.6","53.8"
"US1CABT0002","OROVILLE 2.7 ENE, CA US","39.514","-121.518","163.1","2015",,,,,
"US1CASA0002","SACRAMENTO 8.0 NE, CA US","38.635","-121.3611","29.0","2015",,,,,
"USR0000CBEA","BEAR PEAK CALIFORNIA, CA US","35.8842","-118.0517","2507.9","2015",,,,,
"US1CABT0009","CHICO 2.9 W, CA US","39.7494","-121.8614","57.9","2015",,,,,
"US1CABT0007","CHICO 1.2 NNW, CA US","39.7697","-121.8138","76.5","2015",,,,,
"USR0000CSFD","SANTA FE DAM CALIFORNIA, CA US","34.1208","-117.9458","152.4","2015","37","109","71.6","85.1","58.1"
"USR0000CBDY","BRADLEY CALIFORNIA, CA US","35.8644","-120.8031","163.7","2015","21","110","62.7","80.1","45.3"
"USR0000CJUA","JUANITA LAKE CALIFORNIA, CA US","41.7861","-122.0056","1645.9","2015","9","99","52.3","64.3","40.4"
"USC00041244","BUTTONWILLOW, CA US","35.4028","-119.47","68.6","2015",,"107",,"79.7",
"USR0000CBEN","BENTON CALIFORNIA, CA US","37.8431","-118.4778","1661.2","2015","1","99","53.0","69.6","36.4"
"USC00044997","LIVERMORE, CA US","37.6922","-121.7691","146.3","2015","25","106","61.9","75.1","48.7"
"USR0000CWOF","WOFFORD HEIGHTS CALIFORNIA, CA US","35.7217","-118.4989","960.1","2015","21","104","61.9","74.6","49.2"
"USR0000CJUN","JUNIPER CREEK CALIFORNIA, CA US","41.3322","-120.4725","1332.6","2015","-6","100","51.6","65.6","37.5"
"USR0000CLYO","LYONS VALLEY CALIFORNIA, CA US","39.1258","-123.0736","975.4","2015","28","97","59.5","67.1","51.8"
"USR0000CJUL","JULIAN CALIFORNIA, CA US","33.0758","-116.5908","1292.4","2015","20","96","58.7","68.4","49.0"
"USR0000CLYT","LYTLE CREEK CALIFORNIA, CA US","34.2339","-117.4803","851.0","2015","23","105","63.7","76.8","50.5"
"USC00042574","DUNSMUIR TREATMENT PLANT, CA US","41.1833","-122.2736","661.4","2015",,,,,
"US1CALA0046","LA CRESCENTA MONTROSE 1.6 WNW, CA US","34.2406","-118.2611","570.6","2015",,,,,
"US1CALA0044","TORRANCE 0.7 E, CA US","33.834","-118.3281","28.0","2015",,,,,
"US1CALA0043","PASADENA 1.8 E, CA US","34.1619","-118.1073","277.7","2015",,,,,
"US1CABT0018","GRIDLEY 0.4 NNE, CA US","39.3691","-121.6926","26.2","2015",,,,,
"USR0000CSEC","SECRET TOWN CALIFORNIA, CA US","39.1836","-120.8847","861.4","2015","25","102","60.4","73.8","47.0"
"US1CALA0049","CULVER CITY 1.6 SSW, CA US","33.986","-118.409","7.0","2015",,,,,
"USW00023213","SANTA ROSA SONOMA CO AIRPORT, CA US","38.5038","-122.8102","34.7","2015",,,,,
"USC00041497","CANYON DAM, CA US","40.1705","-121.0886","1389.9","2015","10","98","51.5","65.5","37.5"
"USC00041018","BOWMAN DAM, CA US","39.4539","-120.6556","1641.3","2015","10",,,,"42.3"
"USC00046946","PIT RIVER PH 5, CA US","40.9869","-121.9772","444.4","2015",,,,,
"USC00046940","PIRU 2 ESE, CA US","34.4061","-118.7569","217.0","2015",,,,,
"USC00041253","CACHUMA LAKE, CA US","34.5822","-119.9817","242.3","2015","19","109","62.2","81.9","42.4"
"US1CALA0014","CANYON COUNTRY 2.6 E, CA US","34.4268","-118.4275","492.9","2015",,,,,
"US1CALA0011","REDONDO BEACH 2.6 S, CA US","33.8192","-118.3771","35.7","2015",,,,,
"USR0000CUHL","UHL HOT SPRINGS, CA US","35.8889","-118.6333","1133.9","2015","21","101","59.6","72.0","47.2"
"US1CALA0010","WHITTIER 2.9 WNW, CA US","33.9862","-118.0664","52.1","2015",,,,,
"USR0000CSDD","SADDLEBACK CALIFORNIA, CA US","39.6375","-120.8653","2033.0","2015","12","90","50.4","57.7","43.1"
"USC00046719","PASADENA, CA US","34.1483","-118.1447","263.3","2015",,"104",,"81.1",
"USR0000CSDC","SODA CREEK CALIFORNIA, CA US","39.425","-122.9772","540.4","2015","14","108","57.5","74.9","40.0"
"USR0000CBBR","BIG BAR CALIFORNIA, CA US","40.7333","-123.2333","457.2","2015","21","114","60.7","75.7","45.7"
"USC00040176","AMBOY, CA US","34.5591","-115.7441","197.5","2015","25","118","74.7","90.1","59.3"
"USC00044534","KETTLEMAN CITY, CA US","36.0067","-119.96","73.2","2015","23","109","65.9","79.8","51.9"
"USC00045866","MORRO BAY FIRE DEPARTMENT, CA US","35.367","-120.8447","36.0","2015","34","96","63.7","73.0","54.3"
"USC00042598","EAGLE MOUNTAIN, CA US","33.8089","-115.4508","296.6","2015","29","111","74.2","84.1","64.3"
"USR0000CHOR","HORSE THIEF SPRINGS CALIFORNIA, CA US","35.7706","-115.9092","1524.0","2015","21","101","62.0","71.1","52.8"
"USR0000CDGR","DEVILS GARDEN CALIFORNIA, CA US","41.53","-120.6714","1530.7","2015","0","99","51.0","63.4","38.6"
"USR0000CBCN","BELL CANYON CALIFORNIA, CA US","33.5417","-117.5917","213.4","2015","37","104","67.3","77.2","57.3"
"US1CACC0001","MARTINEZ 0.8 SSE, CA US","37.9898","-122.1085","76.8","2015",,,,,
"USR0000CHOO","HOOPA CALIFORNIA, CA US","41.0478","-123.6714","114.3","2015","25","107","60.1","72.7","47.5"
"USC00045860","MORONGO VALLEY NORTH, CA US","34.0864","-116.5622","958.6","2015","27","103","65.5","76.1","54.9"
"USR0000CHOL","HORSE LAKE CALIFORNIA, CA US","40.6306","-120.5028","1554.5","2015","-1","98","49.2","64.3","34.0"
"US1CALA0023","DIAMOND BAR 1.9 NNE, CA US","34.0232","-117.7965","285.0","2015",,,,,
"USR0000CSCI","SANTA CRUZ ISLAND CALIFORNIA, CA US","33.9958","-119.7222","76.2","2015",,,,,
"USR0000CSCN","SCORPION CALIFORNIA, CA US","41.1117","-122.6967","1341.1","2015","20","104","58.7","72.0","45.3"
"US1CASA0012","SACRAMENTO 2.0 SE, CA US","38.5499","-121.4374","10.4","2015",,,,,
"US1CACC0011","MARTINEZ 2.2 SW, CA US","37.9744","-122.1384","210.9","2015",,,,,
"USR0000CBAR","BARNABY CALIFORNIA, CA US","38.0281","-122.7022","378.0","2015","34","100","59.7","69.6","49.8"
"US1CACC0010","LAFAYETTE 1.9 WSW, CA US","37.8883","-122.1526","157.9","2015",,,,,
"USR0000CFIV","FIVE MILE CALIFORNIA, CA US","35.8717","-117.9183","1264.9","2015","29","106","66.1","75.6","56.7"
"USR0000CDES","DESCANSO CALIFORNIA, CA US","32.8569","-116.6222","1060.7","2015","18","100","60.3","73.6","46.9"
"USR0000CBAT","BATTERSON CALIFORNIA, CA US","37.2319","-119.5083","963.2","2015","21","103","62.6","74.4","50.7"
"USR0000CYOL","YOLLA BOLLA CALIFORNIA, CA US","40.3375","-123.0656","1378.8","2015","19","101","56.2","69.4","43.0"
"USC00041277","CALAVERAS BIG TREES, CA US","38.2769","-120.3113","1431.0","2015","15","91","53.1","63.3","42.8"
"USC00044303","IRVINE RANCH, CA US","33.72","-117.723","164.6","2015","31","105","68.4","81.2","55.6"
"US1CACC0018","WALNUT CREEK 1.4 SSE, CA US","37.8846","-122.0285","84.4","2015",,,,,
"USC00047813","SAN JACINTO, CA US","33.7965","-116.9753","464.8","2015","26","108","66.9","81.4","52.4"
"US1CASA0005","CARMICHAEL 0.9 NE, CA US","38.6429","-121.3059","39.6","2015",,,,,
"US1CASA0007","FOLSOM 1.2 SSE, CA US","38.66","-121.1395","110.3","2015",,,,,
"USR0000CHNM","HUNTER MOUNTAIN CALIFORNIA, CA US","36.5625","-117.4736","2097.0","2015","9","92","52.4","63.4","41.5"
"US1CASC0053","LOS GATOS 9.6 SSE, CA US","37.1039","-121.8896","670.3","2015",,,,,
"USR0000CSBB","SANTA BARBARA ISLAND CALIFORNI, CA US","33.4833","-119.0333","53.6","2015","52","86","63.8","66.8","60.8"
"USW00023244","MOFFETT FEDERAL AIRFIELD, CA US","37.4058","-122.0481","11.9","2015",,,,,
"USC00044555","KING CITY, CA US","36.2069","-121.1377","97.5","2015","23","107","61.7","77.1","46.4"
"USR0000CFIS","FISH CREEK MOUNTAIN CALIFORNIA, CA US","32.9903","-116.0669","231.6","2015","37","115","78.8","87.6","69.9"
"US1CASC0045","MORGAN HILL 1.4 SW, CA US","37.1168","-121.6591","132.0","2015",,,,,
"USC00040192","ANAHEIM, CA US","33.8647","-117.8425","71.6","2015","34","104","70.1","81.3","58.8"
"USR0000CBAL","BALD MOUNTAIN LOC CALIFORNIA, CA US","38.9056","-120.6972","1426.5","2015","21","99","58.9","68.1","49.7"
"USR0000CFIG","FIGUEROA CALIFORNIA, CA US","34.7331","-120.0067","975.4","2015","31","98","63.8","72.3","55.3"
"USR0000CBAC","BACKBONE CALIFORNIA, CA US","40.8892","-123.1422","1432.6","2015","19","101","56.5","66.8","46.3"
"USC00043463","GLENNVILLE, CA US","35.7269","-118.7006","957.1","2015","15",,,,"40.2"
"USC00046730","PASO ROBLES, CA US","35.6277","-120.6855","222.5","2015","20","106","61.2","78.2","44.1"
"US1CALA0003","TORRANCE 2.8 SW, CA US","33.7902","-118.3369","61.0","2015",,,,,
"US1CALA0001","GLENDALE 2.4 WSW, CA US","34.1689","-118.2947","155.8","2015",,,,,
"USR0000CWIL","WILEY RIDGE CALIFORNIA, CA US","34.3717","-118.8408","501.4","2015","37","98","65.5","73.5","57.4"
"USW00023254","CONCORD BUCHANAN FIELD, CA US","37.9917","-122.055","5.5","2015","28","106","63.4","75.6","51.2"
"USR0000CHLD","HOPLAND CALIFORNIA, CA US","39.0308","-123.0806","817.5","2015","30","104","61.6","71.7","51.5"
"USW00023259","MONTEREY PENINSUL AIRPORT, CA US","36.5881","-121.8453","50.3","2015","32","94","59.1","67.4","50.9"
"US1CALA0009","SHERMAN OAKS 1.7 ENE, CA US","34.1543","-118.42","194.5","2015",,,,,
"USR0000CSAD","SADDLEBACK BUTTE CALIFORNIA, CA US","34.6847","-117.8208","789.4","2015","14","110","63.8","81.3","46.4"
"USW00023258","MODESTO CITY CO AIRPORT, CA US","37.6241","-120.9505","22.3","2015","27","106","65.4","78.4","52.3"
"USR0000CSAC","SACRAMENTO NWR CALIFORNIA, CA US","39.4172","-122.1825","36.6","2015","28","106","64.4","77.9","50.9"
"USW00023257","MERCED MUNICIPAL AIRPORT, CA US","37.28472","-120.51278","46.3","2015","27","106","63.6","77.4","49.7"
"USR0000CFHL","FORT HUNTER LIGGET CALIFORNIA, CA US","36.0117","-121.2417","335.3","2015","22","107","61.9","79.4","44.4"
"USR0000CSAW","SAWYERS BAR CALIFORNIA, CA US","41.3003","-123.1322","668.1","2015","21","105","57.8","71.1","44.4"
"US1CASC0057","MORGAN HILL 4.5 NW, CA US","37.1725","-121.703","94.5","2015",,,,,
"US1CASD0090","LA MESA 2.6E, CA US","32.7698","-116.9788","309.1","2015",,,,,
"USC00046508","ORLEANS, CA US","41.3088","-123.5316","122.8","2015","23","107","60.1","72.6","47.7"
"USC00046506","ORLAND, CA US","39.7458","-122.1997","77.4","2015","25","110","65.1","78.8","51.5"
"USR0000CHLR","HOLLISTER CALIFORNIA, CA US","36.8422","-121.3622","123.1","2015","27","103","60.8","73.8","47.9"
"USR0000CLTU","LITTLE TUJUNGA CALIFORNIA, CA US","34.2936","-118.3608","423.7","2015","31","102","66.1","77.7","54.6"
"US1CASD0097","CARLSBAD 8.3SE, CA US","33.0794","-117.2419","67.7","2015",,,,,
"USR0000CSAU","SAUGUS CALIFORNIA, CA US","34.425","-118.525","442.0","2015","29","106","66.9","79.2","54.7"
"USR0000CWHC","WHITE CLOUD CALIFORNIA, CA US","39.3167","-120.8375","1316.7","2015","21","97","58.8","67.2","50.4"
"USR0000CWHH","WHITTIER HILLS CALIFORNIA, CA US","33.9839","-118.01","289.6","2015","37","104","68.6","79.8","57.3"
"USW00023225","BLUE CANYON AIRPORT, CA US","39.2774","-120.7102","1608.1","2015","18","90","54.8","61.7","47.8"
"USR0000CLST","LAS TABLAS CALIFORNIA, CA US","35.6564","-120.9242","303.0","2015","20","106","59.6","78.1","41.0"
"US1CASD0082","SPRING VALLEY 0.9 W, CA US","32.7189","-117.0043","103.3","2015",,,,,
"USR0000CJOH","JOHNSONDALE CALIFORNIA, CA US","35.9717","-118.545","1432.6","2015","1","99","53.1","71.3","34.8"
"US1CASD0086","CARLSBAD 1.3ENE, CA US","33.1658","-117.3307","59.1","2015",,,,,
"USC00043244","FREMONT, CA US","37.5422","-122.0158","11.6","2015","30","97","61.3","71.7","50.9"
"USW00023230","OAKLAND METROPOLITAN, CA US","37.7214","-122.2208","1.8","2015","30","95","59.6","68.3","50.8"
"USW00023232","SACRAMENTO EXECUTIVE AIRPORT, CA US","38.5069","-121.495","4.6","2015","27","107","63.8","77.0","50.5"
"USW00023237","STOCKTON METROPOLITAN AIRPORT, CA US","37.8891","-121.2258","7.9","2015","25","108","63.8","77.8","49.8"
"USW00023234","SAN FRANCISCO INTERNATIONAL AIRPORT, CA US","37.6197","-122.3647","2.4","2015","34","93","60.4","67.9","52.9"
"USW00023233","SALINAS AIRPORT, CA US","36.6636","-121.6081","22.6","2015","32","97","60.9","71.0","50.9"
"US1CASC0040","LOS GATOS 5.4 SSW, CA US","37.156","-121.9875","506.6","2015",,,,,
"USC00048702","SUSANVILLE 2 SW, CA US","40.4167","-120.6631","1283.8","2015","8","100","52.5","66.9","38.1"
"US1CASB0001","GOLETA 3.7 WNW, CA US","34.4397","-119.8961","48.2","2015",,,,,
"US1CASD0072","RAMONA 3 ENE, CA US","33.0507","-116.8278","620.0","2015",,,,,
"USC00041072","BRIDGEPORT, CA US","38.2575","-119.2286","1972.1","2015","-14","90","44.9","64.5","25.2"
"USC00043491","GOLD RUN 2 SW, CA US","39.165","-120.8566","1011.9","2015",,,,,
"US1CASD0076","OCEANSIDE 8.1ENE, CA US","33.2499","-117.2559","57.6","2015",,,,,
"US1CAYB0001","CHALLENGE BROWNSVILLE 1.3 WSW, CA US","39.4518","-121.2801","624.5","2015",,,,,
"US1CASD0074","RANCHO BERNARDO 1.9WSW, CA US","33.0139","-117.1062","209.4","2015",,,,,
"USC00043256","FRESNO 5 NE, CA US","36.7672","-119.7092","103.0","2015","28","110","67.7","81.9","53.3"
"USC00046521","OROVILLE, CA US","39.5177","-121.553","52.1","2015","28","108","64.0","77.6","50.4"
"USC00047851","SAN LUIS OBISPO POLY, CA US","35.3056","-120.6619","93.9","2015","26","101","62.8","74.9","50.7"
"USW00023285","LIVERMORE MUNICIPAL AIRPORT, CA US","37.6927","-121.8144","119.8","2015","26","108","63.3","76.3","50.3"
"US1CASD0056","CARLSBAD 8.7SE, CA US","33.0946","-117.2214","184.4","2015",,,,,
"US1CASD0055","SAN DIEGO 5.2WNW, CA US","32.7348","-117.2447","76.5","2015",,,,,
"USC00047195","QUINCY, CA US","39.9366","-120.9475","1042.4","2015","11","100","52.0","68.4","35.7"
"US1CASD0059","ESCONDIDO 0.8 NNE, CA US","33.1474","-117.0656","223.7","2015",,,,,
"US1CASC0011","CAMBRIAN PARK 2.2 SE, CA US","37.2341","-121.8974","76.8","2015",,,,,
"USR0000CSNL","SAN LUIS NWR CALIFORNIA, CA US","37.1822","-120.7939","19.8","2015","24","106","62.8","78.0","47.6"
"US1CATL0011","THREE RIVERS 1.7 NE, CA US","36.4584","-118.8858","307.8","2015",,,,,
"USR0000CMCB","MILL CREEK BDF CALIFORNIA, CA US","34.0836","-117.0347","899.2","2015","27","104","65.2","76.5","53.9"
"USR0000CSOL","SOLDIER MOUNTAIN CALIFORNIA, CA US","40.9258","-121.5856","1130.8","2015","18","101","56.4","67.5","45.2"
"US1CASC0001","MOUNTAIN VIEW 1.2 S, CA US","37.3848","-122.0752","33.2","2015",,,,,
"USC00040798","BIG TUJUNGA DAM FC46, CA US","34.29481","-118.18849","709.0","2015",,,,,
"USR0000CWWO","WHITE WOLF CALIFORNIA, CA US","37.8511","-119.65","2446.0","2015","-1","82","45.0","57.5","32.5"
"US1CASC0003","SUNNYVALE 1.9 SE, CA US","37.3647","-122.0042","25.9","2015",,,,,
"USC00043824","HAT CREEK, CA US","40.9316","-121.5433","919.0","2015","9","103","52.9","70.9","34.9"
"US1CASD0061","EL CAJON 2.8SE, CA US","32.7724","-116.9197","209.1","2015",,,,,
"US1CASD0063","ESCONDIDO 7.2 SE, CA US","33.0563","-116.9925","483.1","2015",,,,,
"USC00049367","VISALIA, CA US","36.32833","-119.2997","92.4","2015",,,,,
"US1CASD0062","CARLSBAD 3.8SE, CA US","33.1187","-117.3044","51.2","2015",,,,,
"US1CASN0016","SEBASTOPOL 4.5 WSW, CA US","38.3753","-122.9035","128.9","2015",,,,,
"US1CASD0047","CHULA VISTA 3.1SE, CA US","32.6044","-117.0508","61.0","2015",,,,,
"USR0000CMAN","MANZANITA LAKE CALIFORNIA, CA US","40.54","-121.5803","1725.2","2015","3","91","47.7","60.9","34.5"
"USR0000CBLD","BLUE DOOR CALIFORNIA, CA US","41.0547","-120.3375","1711.5","2015","0","95","48.2","60.4","36.0"
"US1CASD0049","SAN DIEGO 9 NE, CA US","32.8168","-117.0586","89.0","2015",,,,,
"USW00023293","SAN JOSE, CA US","37.3591","-121.924","15.5","2015","30","97","61.6","72.1","51.2"
"USR0000CMAL","MALIBU HILLS CALIFORNIA, CA US","34.0583","-118.6333","480.1","2015","40","102","67.2","76.1","58.3"
"USS0020H06S","CEDAR PASS, CA US","41.58","-120.3","2142.7","2015","6","85","46.6","54.5","38.7"
"USC00042500","DOWNIEVILLE, CA US","39.5633","-120.8238","888.5","2015","19","100","55.5","70.7","40.2"
"USR0000CBLT","BEN BOLT CALIFORNIA, CA US","38.5908","-120.9336","275.8","2015","26","108","62.6","76.5","48.6"
"US1CASC0015","SARATOGA 0.5 N, CA US","37.2748","-122.0227","113.7","2015",,,,,
"US1CASN0001","ROHNERT PARK 1.6 WNW, CA US","38.3522","-122.7274","28.3","2015",,,,,
"USC00048045","SCOTIA, CA US","40.4833","-124.1038","41.5","2015","29","90","57.8","66.4","49.1"
"USW00093138","PALM SPRINGS ASOS, CA US","33.8222","-116.5043","124.7","2015","32","118","76.6","89.4","63.8"
"US1CASD0054","DESCANSO 0.3 WNW, CA US","32.8538","-116.6212","1049.1","2015",,,,,
"USR0000CBLQ","BLUE RIDGE KNF CALIFORNIA, CA US","41.2694","-123.1875","1815.4","2015","17","90","51.1","59.4","42.8"
"USS0019L08S","LEAVITT MEADOWS, CA US","38.3","-119.55","2194.0","2015","-7","84","45.9","60.2","31.6"
"US1CASD0053","SAN DIEGO COUNTRY ESTATES 1.5, CA US","33.0158","-116.8068","449.3","2015",,,,,
"US1CASN0004","GEYSERVILLE 10.6 WNW, CA US","38.7367","-123.0982","404.8","2015",,,,,
"USC00049378","VISTA, CA US","33.2354","-117.2322","131.1","2015","31","99","65.3","75.1","55.4"
"US1CASD0051","DESCANSO 3.7 NNW, CA US","32.9058","-116.6255","999.1","2015",,,,,
"USC00049152","U C L A, CA US","34.0697","-118.4427","131.1","2015","40","98","67.2","75.0","59.4"
"USR0000CBKD","BLACK DIAMOND CALIFORNIA, CA US","37.95","-121.8844","487.7","2015","32","99","61.1","68.6","53.5"
"USR0000CDOG","DOG VALLEY CALIFORNIA, CA US","39.5619","-120.0478","1821.5","2015","-3","95","48.1","64.0","32.3"
"US1CASD0035","RANCHO BERNARDO 0.5SE, CA US","33.0184","-117.0666","147.2","2015",,,,,
"US1CASD0034","CARLSBAD 2.2SE, CA US","33.1427","-117.3206","6.7","2015",,,,,
"USC00049390","VOLTA PH, CA US","40.4583","-121.8663","676.7","2015",,,,,
"USC00041428","CAMP PARDEE, CA US","38.2486","-120.8433","200.6","2015",,,,,
"USC00041424","CAMPO, CA US","32.6263","-116.4699","801.6","2015","16","107","60.8","78.5","43.0"
"USR0000CSMI","SAN MIGUEL CALIFORNIA, CA US","32.685","-116.9736","129.5","2015","38","102","67.2","76.0","58.3"
"USR0000CDOY","DOYLE CALIFORNIA, CA US","40.0222","-120.1056","1292.4","2015","7","101","54.2","68.4","40.0"
"USS0019L07S","SONORA PASS, CA US","38.31","-119.6","2690.5","2015","-3","77","42.5","52.5","32.4"
"USC00040332","ARVIN, CA US","35.2111","-118.8336","137.2","2015",,"113",,"81.7",
"US1CASD0040","EL CAJON 2.3 S, CA US","32.7698","-116.9593","224.9","2015",,,,,
"US1CASD0025","PAUMA VALLEY 1.7 SE, CA US","33.2905","-116.9568","345.0","2015",,,,,
"US1CASD0024","CHULA VISTA 2.5SE, CA US","32.6168","-117.0519","81.1","2015",,,,,
"USW00023273","SANTA MARIA PUBLIC AIRPORT, CA US","34.8994","-120.4486","73.8","2015","31","99","62.3","74.2","50.4"
"US1CASD0023","CARDIFF BY THE SEA 0.2 E, CA US","33.0267","-117.2712","81.1","2015",,,,,
"USR0000CFRE","FREMONT CANYON CALIFORNIA, CA US","33.8081","-117.7111","542.8","2015","40","100","66.9","75.4","58.5"
"USW00023275","UKIAH MUNICIPAL AIRPORT, CA US","39.12583","-123.20083","183.2","2015","19","108","61.6","77.1","46.0"
"US1CASD0028","SANTEE 1.8NW, CA US","32.8562","-116.9961","143.3","2015",,,,,
"USR0000COCR","OAK CREEK CALIFORNIA, CA US","36.8425","-118.2594","1479.8","2015","22","101","61.3","71.9","50.7"
"USW00023272","SAN FRANCISCO DOWNTOWN, CA US","37.7705","-122.4269","45.7","2015","39","95","59.7","66.0","53.5"
"USR0000CFRI","FRIEND MOUNTAIN CALIFORNIA, CA US","40.505","-123.3417","1219.2","2015","17","100","55.4","67.2","43.6"
"USW00023271","SACRAMENTO 5 ESE, CA US","38.5552","-121.4183","11.6","2015","30","108","65.1","77.8","52.3"
"USW00023277","WATSONVILLE MUNICIPAL AIRPORT, CA US","36.9358","-121.7886","48.8","2015","26","99","60.3","71.3","49.4"
"US1CAMA0002","RAYMOND 6.8 NE, CA US","37.2717","-119.802","549.2","2015",,,,,
"US1CAMA0003","YOSEMITE LAKES 4.7 S, CA US","37.1241","-119.761","487.1","2015",,,,,
"USS0019L06S","POISON FLAT, CA US","38.51","-119.63","2357.9","2015","-6","79","42.9","55.4","30.4"
"US1CAMA0004","AHWAHNEE 2.5 NNW, CA US","37.3996","-119.7381","865.6","2015",,,,,
"USR0000CDNK","DINKEY CALIFORNIA, CA US","37.0664","-119.0394","1727.6","2015","2","90","48.9","64.6","33.2"
"USR0000CSLA","SLATER BUTTE CALIFORNIA, CA US","41.8586","-123.3525","1423.4","2015","17","99","53.3","62.1","44.5"
"US1CASD0030","LA JOLLA 2.1 SE, CA US","32.8257","-117.2501","149.7","2015",,,,,
"US1CASD0014","BORREGO SPRINGS 2.4 WSW, CA US","33.2225","-116.3904","236.8","2015",,,,,
"USS0020H01S","STATE LINE, CA US","41.99","-120.72","1731.3","2015","0","92","48.6","59.1","38.0"
"US1CASD0013","JAMUL 9.9ESE, CA US","32.6802","-116.7061","834.2","2015",,,,,
"US1CASD0012","POWAY 3.2NE, CA US","32.9956","-117.0044","367.6","2015",,,,,
"USR0000CDMC","DEMOCRAT CALIFORNIA, CA US","35.5317","-118.6303","718.1","2015","23","105","63.5","77.4","49.5"
"US1CASD0011","ENCINITAS 2.7N, CA US","33.0757","-117.292","57.3","2015",,,,,
"USW00093110","OXNARD VENTURA CO AIRPORT, CA US","34.20083","-119.20694","11.0","2015","36","96","64.1","72.6","55.6"
"US1CASD0015","LA JOLLA 2.5SE, CA US","32.8254","-117.2397","154.8","2015",,,,,
"USW00093112","NORTH ISLAND NAS, CA US","32.7","-117.2","7.9","2015",,,,,
"US1CASD0019","OCEANSIDE 5.6NE, CA US","33.2539","-117.3127","18.3","2015",,,,,
"US1CASM0016","HALF MOON BAY 0.7 NW, CA US","37.4777","-122.4454","11.0","2015",,,,,
"USC00044710","LAKESIDE 2 E, CA US","32.8536","-116.8947","210.3","2015",,,,,
"USR0000CBIR","BIG ROCK CALIFORNIA, CA US","38.0394","-122.57","457.2","2015","35","99","60.4","69.0","51.9"
"US1CACC0028","EL CERRITO 1.3 NW, CA US","37.9363","-122.3157","78.6","2015",,,,,
"USC00044712","LAKE SOLANO, CA US","38.492","-122.0039","57.0","2015","28","108","64.5","79.0","50.0"
"USR0000CBIP","BIG PINES CALIFORNIA, CA US","34.3789","-117.6919","2108.3","2015","13","89","52.9","62.2","43.6"
"USC00045802","MONTEREY WEATHER FORECAST OFFICE, CA US","36.5927","-121.8555","37.2","2015","31","92","58.3","65.7","50.9"
"USW00093104","CHINA LAKE NAF, CA US","35.6875","-117.6931","679.7","2015","12","112","65.8","81.8","49.8"
"USW00093107","SAN DIEGO MIRAMAR NAS, CA US","32.86667","-117.13333","145.4","2015","33","104","67.8","78.4","57.3"
"USR0000CHUR","HURLEY CALIFORNIA, CA US","37.0153","-119.5678","366.1","2015","22","105","61.0","76.4","45.6"
"US1CASD0003","IMPERIAL BEACH 3.3 E, CA US","32.5738","-117.0625","42.1","2015",,,,,
"USC00049185","UPPER SAN LEANDRO FILTERS, CA US","37.7719","-122.1675","120.1","2015",,,,,
"USR0000COAM","OAK MOUNTAIN CALIFORNIA, CA US","41.0064","-121.9833","518.2","2015","25","106","61.1","72.4","49.7"
"USS0020H02S","CROWDER FLAT, CA US","41.89","-120.75","1575.8","2015","3","96","48.8","60.9","36.6"
"US1CASD0001","SAN MARCOS 2.5 ENE, CA US","33.1472","-117.1316","203.0","2015",,,,,
"USR0000COAK","OAK KNOLL CALIFORNIA, CA US","41.8386","-122.85","591.3","2015","15","108","57.4","73.4","41.3"
"US1CASD0006","EL CAJON 2.3ENE, CA US","32.8112","-116.9254","185.9","2015",,,,,
"US1CASD0004","OCEANSIDE 8.4NE, CA US","33.27","-117.2663","76.8","2015",,,,,
"US1CASM0001","PACIFICA 0.3 W, CA US","37.6121","-122.4825","69.2","2015",,,,,
"US1CASD0009","EL CAJON 1.5WSW, CA US","32.7907","-116.987","221.6","2015",,,,,
"US1CASM0006","FOSTER CITY 1.3 SW, CA US","37.5488","-122.2587","2.1","2015",,,,,
"USR0000CYUR","YUROK CALIFORNIA, CA US","41.2897","-123.8575","150.9","2015","28","117","60.5","74.2","46.9"
"US1CASM0007","HALF MOON BAY 0.5 SSW, CA US","37.463","-122.4408","16.5","2015",,,,,
"USC00041697","CHERRY VALLEY DAM, CA US","37.9747","-119.9161","1452.4","2015","14","100","56.8","68.7","44.9"
"USC00041214","BURNEY, CA US","40.8802","-121.6547","974.8","2015",,,,,
"USR0000CSHQ","SHADEQUARTER CALIFORNIA, CA US","36.5672","-118.9556","1240.2","2015","23","98","60.7","68.8","52.6"
"USS0020K30S","SQUAW VALLEY G.C., CA US","39.19","-120.26","2447.2","2015","10","77","44.9","51.7","38.0"
"USW00093134","LOS ANGELES DOWNTOWN USC, CA US","34.0236","-118.2911","54.6","2015","36","101","68.3","77.9","58.7"
"USC00042319","DEATH VALLEY, CA US","36.4622","-116.8669","-59.1","2015","26","125","78.8","93.3","64.4"
"USR0000CSHI","SHIP MOUNTAIN CALIFORNIA, CA US","41.7358","-123.7917","1615.4","2015","19","90","51.0","57.0","44.9"
"USR0000CSHH","SCHOOL HOUSE CALIFORNIA, CA US","41.1383","-123.9056","804.7","2015","29","95","54.9","61.4","48.5"
"USR0000CWPK","WHITAKER PEAK CALIFORNIA, CA US","34.5686","-118.7403","1255.8","2015","28","99","62.6","72.2","52.9"
"USR0000CFOU","FOUNTAIN SPRINGS CALIFORNIA, CA US","35.8922","-118.915","64.0","2015","26","107","65.3","78.9","51.7"
"USC00043402","GIBRALTAR DAM NUMBER 2, CA US","34.5225","-119.6822","474.9","2015",,,,,
"USR0000CFOR","FORESTHILL CALIFORNIA, CA US","39.0914","-120.7317","1327.4","2015","20","96","58.4","68.3","48.5"
"USR0000CBGR","BANGOR CALIFORNIA, CA US","39.3975","-121.3861","244.8","2015","28","106","63.9","76.4","51.5"
"USC00040379","AUBERRY 2 NW, CA US","37.0919","-119.5128","637.0","2015","26","103","63.4","74.7","52.1"
"USC00040136","ALPINE, CA US","32.8358","-116.7774","516.6","2015","30","101","65.1","76.9","53.2"
"USC00043882","HEARST CASTLE, CA US","35.6841","-121.1683","465.1","2015","34","97","62.0","70.7","53.2"
"US1CASN0028","SANTA ROSA 3.1 NW, CA US","38.4789","-122.744","42.7","2015",,,,,
"US1CASN0029","CLOVERDALE 3.2 ESE, CA US","38.781","-122.963","242.9","2015",,,,,
"USS0020K31S","CSS LAB, CA US","39.33","-120.37","2089.4","2015","9","82","46.9","57.4","36.4"
"USR0000CBEV","BEVERLY HILLS CALIFORNIA, CA US","34.125","-118.4122","384.0","2015","36","110","70.4","84.2","56.6"
"USR0000CWOL","WOLVERTON CALIFORNIA, CA US","36.445","-118.7033","1597.2","2015","18","97","58.8","69.5","48.1"
"USR0000CBEU","BEAUMONT CALIFORNIA, CA US","33.9306","-116.95","793.7","2015","27","105","65.1","77.3","52.9"
"USR0000CWOO","WOODACRE CALIFORNIA, CA US","37.9906","-122.6447","426.7","2015",,,,,
"USC00043896","HEMET, CA US","33.7381","-116.8939","552.0","2015","31","105","67.2","78.5","55.8"
"USR0000CSHA","SHAVER CALIFORNIA, CA US","37.135","-119.2561","1751.4","2015","4","90","49.5","64.6","34.5"
"USC00044500","KENTFIELD, CA US","37.9566","-122.5447","44.2","2015","30","104","61.2","73.2","49.3"
"USC00046926","PINNACLES NM, CA US","36.4819","-121.1822","398.4","2015",,,,,
"USC00042327","DEEP CANYON LAB, CA US","33.6513","-116.3763","365.8","2015",,,,,
"US1CASN0023","WINDSOR 1.4 SE, CA US","38.5317","-122.78","42.7","2015",,,,,
"USC00040144","ALTADENA, CA US","34.18211","-118.13827","343.5","2015",,,,,
"US1CANV0014","LAKE OF THE PINES 1.0 WSW, CA US","39.0322","-121.0774","480.4","2015",,,,,
"USR0000CLHO","LOST HORSE CALIFORNIA, CA US","34.0178","-116.1878","1280.2","2015","15","100","60.5","73.1","47.9"
"USS0020K04S","INDEPENDENCE CAMP, CA US","39.45","-120.29","2134.5","2015","5","84","45.3","56.6","34.0"
"USR0000CASC","ASH CREEK CALIFORNIA, CA US","41.2769","-121.9794","975.4","2015","1","99","49.9","67.9","31.8"
"US1CASN0090","FORESTVILLE 0.7 SW, CA US","38.4733","-122.8974","61.3","2015",,,,,
"USC00047109","POTTER VALLEY POWERHOUSE, CA US","39.3619","-123.1286","310.3","2015","19","106","61.2","77.9","44.5"
"USR0000CRUS","RUSH CREEK CALIFORNIA, CA US","41.2944","-120.8639","1463.0","2015","11","94","52.1","61.0","43.2"
"US1CALK0009","UPPER LAKE 3.6 W, CA US","39.1682","-122.9778","438.9","2015",,,,,
"USS0020K05S","INDEPENDENCE LAKE, CA US","39.43","-120.31","2545.7","2015","5","79","44.5","51.9","37.1"
"USR0000CPOP","POPPY PARK CALIFORNIA, CA US","34.7325","-118.3833","841.2","2015","22","108","64.9","77.9","51.9"
"USR0000CPOV","POVERTY CALIFORNIA, CA US","37.4431","-121.7706","629.7","2015","32","98","60.5","68.7","52.3"
"USR0000CPOT","POTRERO CALIFORNIA, CA US","32.6058","-116.6089","714.8","2015","24","104","61.9","76.9","47.0"
"US1CAED0023","EL DORADO HILLS 0.9 NNW, CA US","38.698","-121.0869","235.0","2015",,,,,
"US1CAED0021","EL DORADO HILLS 0.7 NNE, CA US","38.6954","-121.0745","216.1","2015",,,,,
"US1CASN0080","GLEN ELLEN 1.5 N, CA US","38.3778","-122.5343","102.7","2015",,,,,
"US1CARV0034","PERRIS 10.6 W, CA US","33.8209","-117.4051","483.4","2015",,,,,
"US1CARV0036","SUNNYSLOPE 1.6 W, CA US","34.0158","-117.4498","288.3","2015",,,,,
"US1CASN0088","OCCIDENTAL 2.8 SW, CA US","38.3653","-122.9738","187.1","2015",,,,,
"USC00047111","POWAY VALLEY, CA US","33.01953","-117.03096","197.5","2015","29","103","66.2","78.7","53.8"
"USR0000CARR","ARROYO SECO MT. DIABLO CALIF, CA US","36.23","-121.4917","298.7","2015","28","108","62.9","79.6","46.3"
"US1CASN0089","HEALDSBURG 12.6 NNW, CA US","38.7839","-122.9628","312.7","2015",,,,,
"US1CAED0017","CAMINO 2.0 WSW, CA US","38.7338","-120.711","887.0","2015",,,,,
"USC00040738","BIG BAR 4 E, CA US","40.7405","-123.2077","381.9","2015","18","109","58.4","73.8","42.9"
"US1CAED0011","POLLOCK PINES 0.5 NW, CA US","38.757","-120.5775","1187.2","2015",,,,,
"US1CAED0010","PLACERVILLE 0.9 NE, CA US","38.7392","-120.7846","620.6","2015",,,,,
"US1CASN0070","GLEN ELLEN 1.9 WNW, CA US","38.3651","-122.5718","291.4","2015",,,,,
"USC00048218","SIERRAVILLE RANGER STATION, CA US","39.5833","-120.3705","1516.4","2015",,,,,
"US1CASN0071","ROHNERT PARK 0.9 SW, CA US","38.3392","-122.7113","29.3","2015",,,,,
"USR0000CRSP","ROSE PEAK CALIFORNIA, CA US","37.5019","-121.7355","932.7","2015","27","93","58.6","65.6","51.5"
"US1CASN0074","HEALDSBURG 3.7 WNW, CA US","38.6476","-122.9207","43.3","2015",,,,,
"USC00049785","WOODLAND HILLS PIERCE COLLEGE, CA US","34.1819","-118.5744","240.8","2015","27","109","68.1","83.4","52.7"
"USR0000CLGA","LOS GATOS CALIFORNIA, CA US","37.2028","-121.9428","609.6","2015","32","101","61.7","71.8","51.6"
"US1CANV0001","NEVADA CITY 3.4 NNW, CA US","39.3067","-121.0399","728.5","2015",,,,,
"USR0000CJAR","JARBO GAP CALIFORNIA, CA US","39.7358","-121.4889","759.0","2015","30","104","62.2","72.0","52.5"
"US1CASM0022","WOODSIDE 3.4 S, CA US","37.3754","-122.2637","485.2","2015",,,,,
"USC00041838","CLOVERDALE, CA US","38.8","-123.0175","100.6","2015","25","109","63.8","79.3","48.4"
"US1CAED0003","PLACERVILLE 3.7 SW, CA US","38.6953","-120.849","534.9","2015",,,,,
"USR0000CLEO","LEO CARRILLO CALIFORNIA, CA US","34.0456","-118.9358","15.2","2015","39","97","65.1","73.2","57.1"
"USC00040741","BIG BEAR LAKE, CA US","34.243","-116.917","2058.3","2015","5","87","49.1","62.0","36.2"
"USC00040983","BORREGO DESERT PARK, CA US","33.2559","-116.4036","246.9","2015","32","117","75.1","88.4","61.9"
"USC00042920","EXCHEQUER DAM, CA US","37.585","-120.2672","134.7","2015",,,,,
"USR0000CPNN","PINNACLES CALIFORNIA, CA US","36.4708","-121.1472","402.9","2015","25","110","63.3","79.9","46.8"
"US1CASN0061","SANTA ROSA 1.3 NW, CA US","38.464","-122.715","52.7","2015",,,,,
"US1CASN0063","WINDSOR 0.6 NNE, CA US","38.5534","-122.7929","47.9","2015",,,,,
"USR0000CAPT","ALDER POINT CALIFORNIA, CA US","40.1867","-123.5903","281.3","2015","26","111","59.7","72.2","47.2"
"USW00093193","FRESNO YOSEMITE INTERNATIONAL, CA US","36.78","-119.7194","101.5","2015","28","108","66.5","78.8","54.2"
"USR0000CLDR","LADDER BUTTE CALIFORNIA, CA US","40.8072","-121.2967","1752.6","2015","12","92","51.8","60.7","42.9"
"US1CASZ0029","SANTA CRUZ 3.1 NW, CA US","37.0064","-122.075","295.4","2015",,,,,
"USW00093197","SANTA MONICA MUNICIPAL AIRPORT, CA US","34.01583","-118.45139","53.0","2015","37","98","65.9","73.7","58.0"
"US1CASZ0021","BOULDER CREEK 3.0 NW, CA US","37.1693","-122.1641","266.7","2015",,,,,
"USR0000CCSH","CASHMAN CALIFORNIA, CA US","40.0017","-120.915","1377.7","2015","16","106","56.7","71.3","42.1"
"US1CASK0009","FORKS OF SALMON 1.0 NW, CA US","41.2688","-123.3336","507.2","2015",,,,,
"USC00042934","FAIRFIELD, CA US","38.2736","-122.0677","12.2","2015","29","106","63.4","75.9","51.0"
"USC00049325","VICTORVILLE, CA US","34.52918","-117.29288","877.8","2015","18","107","63.2","77.7","48.6"
"USS0019L17S","LOBDELL LAKE, CA US","38.44","-119.37","2814.2","2015","-5","75","41.2","51.9","30.5"
"US1CASK0010","DORRIS 0.2 SW, CA US","41.9633","-121.923","1295.1","2015",,,,,
"US1CASZ0036","BOULDER CREEK 4.1 N, CA US","37.1953","-122.1406","299.9","2015",,,,,
"USC00049582","WEST POINT, CA US","38.3775","-120.5452","845.8","2015",,,,,
"USW00093184","SANTA ANA JOHN WAYNE AIRPORT, CA US","33.68","-117.86639","16.5","2015","38","103","67.4","75.9","58.9"
"USC00046074","NAPA STATE HOSPITAL, CA US","38.2777","-122.2647","10.7","2015","27","105","61.7","74.9","48.5"
"USS0020L10S","FALLEN LEAF, CA US","38.93","-120.05","1900.7","2015","5","81","45.9","58.7","33.2"
"USC00042706","EL CAJON, CA US","32.8005","-116.928","150.9","2015","32","105","67.4","79.4","55.4"
"USR0000CCRA","CRANE FLAT LOOKOUT CALIFORNIA, CA US","37.7617","-119.8247","2025.1","2015","13","86","52.9","60.6","45.2"
"USS0020K25S","WARD CREEK NUMBER 3, CA US","39.14","-120.22","2028.4","2015","6","84","45.8","59.0","32.5"
"USR0000CROU","ROUND MOUNTAIN, CA US","41.4272","-121.4639","1602.6","2015","10","97","51.9","61.9","42.0"
"USC00042709","EL CAPITAN DAM, CA US","32.8856","-116.8149","182.9","2015","32","107","69.8","83.6","56.1"
"USR0000CCRE","CRESTVIEW CALIFORNIA, CA US","37.745","-118.9833","2316.5","2015","-11","90","44.7","62.3","27.2"
"USR0000CROS","ROSE VALLEY CALIFORNIA, CA US","34.5431","-119.1842","1015.3","2015","10","98","55.4","74.2","36.5"
"USR0000CCRZ","CRAZY PEAK CALIFORNIA, CA US","41.9919","-123.6036","1210.1","2015","22","98","53.9","63.4","44.3"
"USC00040521","BARSTOW, CA US","34.8927","-117.0219","676.7","2015","22","110","66.8","80.3","53.3"
"USC00042941","FAIRMONT, CA US","34.705","-118.4297","932.7","2015",,,,,
"US1CASF0008","SAN FRANCISCO 3.0 W, CA US","37.7776","-122.4741","62.5","2015",,,,,
"USR0000CANZ","ANZA CALIFORNIA, CA US","33.555","-116.673","1194.8","2015","18","100","58.7","72.4","45.1"
"USC00041614","CEDARVILLE, CA US","41.5301","-120.1791","1428.9","2015",,,,,
"US1CASF0004","SAN FRANCISCO 1.1 SW, CA US","37.765","-122.4348","59.1","2015",,,,,
"USR0000CCRR","CARPENTER RIDGE CALIFORNIA, CA US","40.0686","-121.5825","1466.7","2015","18","95","55.8","64.2","47.4"
"USR0000CCRT","CRANSTON CALIFORNIA, CA US","33.7403","-116.8414","594.4","2015","31","107","67.2","80.8","53.5"
"US1CANV0034","GRASS VALLEY 4.2 SE, CA US","39.1863","-120.993","848.6","2015",,,,,
"US1CANV0035","GRASS VALLEY 1.3 NNE, CA US","39.2382","-121.0463","848.0","2015",,,,,
"USC00049351","VINTON, CA US","39.8056","-120.1858","1508.8","2015",,,,,
"US1CANV0036","GRASS VALLEY 2.7 SW, CA US","39.1943","-121.0917","711.4","2015",,,,,
"USC00049111","TWITCHELL DAM, CA US","34.988","-120.3211","177.4","2015",,"100",,"72.2",
"USR0000CNFO","NORTH FORK CALIFORNIA, CA US","37.2331","-119.5047","829.1","2015","23","105","62.1","76.0","48.3"
"USC00041864","COALINGA, CA US","36.1356","-120.3606","204.2","2015","26","111","67.6","82.0","53.2"
"USC00043800","HARRY L. ENGLEBRIGHT DAM, CA US","39.2372","-121.2666","243.8","2015",,,,,
"USC00042713","EL CENTRO 2 SSW, CA US","32.7669","-115.5617","-9.1","2015",,,,,
"USC00048014","SAUGUS POWER PLANT 1, CA US","34.5894","-118.4547","636.7","2015",,,,,
"USS0019L39S","SPRATT CREEK, CA US","38.67","-119.82","1863.9","2015","4","89","49.2","62.2","36.1"
"US1CAMP0002","MARIPOSA 12.5 E, CA US","37.4613","-119.7417","899.8","2015",,,,,
"USC00049102","TWENTYNINE PALMS 12 E WONDER VALLEY, CA US","34.1206","-115.85","419.4","2015","17","114","72.1","86.0","58.2"
"USR0000CROD","RODEO VALLEY, CA US","39.6681","-123.3211","740.1","2015","26","102","58.6","70.8","46.4"
"USR0000CROC","ROCK CREEK, CA US","37.5514","-118.6672","2145.8","2015","4","93","49.5","64.7","34.4"
"USR0000CLAP","LA PANZA CALIFORNIA, CA US","35.3811","-120.1875","496.8","2015","19","105","60.4","77.7","43.2"
"USR0000CALD","ALDER SPRINGS CALIFORNIA, CA US","39.6514","-122.7236","1310.6","2015","22","96","57.9","66.3","49.5"
"USR0000CLAU","LAUFMAN CALIFORNIA, CA US","40.1417","-120.3533","1767.8","2015","8","101","52.9","66.5","39.3"
"USC00048273","SKYLINE RIDGE PRESERVE, CA US","37.3133","-122.185","691.9","2015","29","98","58.5","68.0","49.0"
"USR0000CLAS","LASSEN LODGE CALIFORNIA, CA US","40.3442","-121.7136","1267.7","2015","21","100","58.9","69.0","48.8"
"USS0019L13S","VIRGINIA LAKES RIDGE, CA US","38.07","-119.23","2878.8","2015","1","76","42.7","51.7","33.7"
"USW00094299","ALTURAS MUNICIPAL AIRPORT, CA US","41.49139","-120.56444","1333.5","2015","-15","101","49.9","66.8","33.1"
"USR0000CLAR","LAURAL MOUNTAIN CALIFORNIA, CA US","35.4783","-117.6989","1338.1","2015","25","102","63.7","72.9","54.5"
"USC00041879","COARSEGOLD 4 SE, CA US","37.2119","-119.69","676.0","2015",,,,,
"USS0020K27S","TAHOE CITY CROSS, CA US","39.17","-120.15","2071.7","2015","11","83","47.8","58.5","37.1"
"USR0000CLAH","LA HONDA CALIFORNIA, CA US","37.3053","-122.255","265.8","2015","28","98","58.9","70.7","47.0"
"USR0000CPIL","PILOT HILL CALIFORNIA, CA US","38.8325","-121.0086","365.8","2015","25","104","61.3","74.8","47.7"
"USR0000CLAG","MOUNT LAGUNA CALIFORNIA, CA US","32.8797","-116.4203","1755.6","2015","4","93","53.4","66.2","40.7"
"USR0000CPIK","PIKE CO LOOKOUT CALIFORNIA, CA US","39.475","-121.2025","1132.0","2015","25","95","59.7","67.8","51.6"
"USS0020K03S","INDEPENDENCE CREEK, CA US","39.49","-120.28","1967.8","2015","-1","86","44.9","59.1","30.6"
"US1CANV0041","NEVADA CITY 1.7 SSE, CA US","39.2384","-121.0058","965.6","2015",,,,,
"USR0000CTRI","TRINITY CAMP CALIFORNIA, CA US","40.7864","-122.8045","1008.3","2015","20","100","56.7","67.5","46.0"
"USR0000CALT","LOS ALTOS CALIFORNIA, CA US","37.3581","-122.1472","196.6","2015","30","102","61.9","74.1","49.8"
"USC00042964","FALL RIVER MILLS, CA US","41.008","-121.435","1005.8","2015",,,,,
"USR0000CTRM","TRIMMER CALIFORNIA, CA US","36.9111","-119.305","469.4","2015","27","108","64.4","77.2","51.7"
"USR0000CLAY","LAYTONVILLE CALIFORNIA, CA US","39.7022","-123.485","554.7","2015","21","105","58.8","73.9","43.6"
"USR0000CTRA","LAS TRAMPAS CALIFORNIA, CA US","37.8339","-122.0669","536.4","2015","31","103","60.0","68.6","51.4"
"USS0019L38S","LEAVITT LAKE, CA US","38.28","-119.61","2931.3","2015","0","72","41.6","48.9","34.2"
"USR0000CALP","ALPINE CALIFORNIA, CA US","32.8336","-116.7392","622.1","2015","27","101","64.5","74.9","54.1"
"USW00053139","STOVEPIPE WELLS 1 SW, CA US","36.602","-117.1449","25.6","2015","27","122","78.3","90.2","66.4"
"USC00046657","PALOMAR MOUNTAIN OBSERVATORY, CA US","33.378","-116.84","1691.6","2015","18","92","58.0","66.7","49.4"
"USR0000CFEN","FENCE MEADOW CALIFORNIA, CA US","36.9614","-119.175","1538.6","2015","19","97","58.8","67.5","50.1"
"USC00042294","DAVIS 2 WSW EXPERIMENTAL FARM, CA US","38.5349","-121.7761","18.3","2015","25","107","63.0","77.1","49.0"
"USC00044232","INDEPENDENCE, CA US","36.798","-118.2036","1204.0","2015","15","111","64.5","80.1","49.0"
"USR0000CHIG","HIGH SIERRA CALIFORNIA, CA US","37.3147","-119.0383","2256.4","2015","2","89","48.7","62.0","35.3"
"USC00047741","SAN DIEGO SEAWORLD, CA US","32.76536","-117.2315","4.3","2015","38","88","64.2","69.7","58.7"
"USR0000CWEE","WEED AIRPORT CALIFORNIA, CA US","41.4789","-122.4539","893.1","2015","14","105","55.7","68.6","42.8"
"USC00048606","STRAWBERRY VALLEY, CA US","39.563","-121.1077","1160.7","2015","19","97","54.6","68.1","41.1"
"USW00053150","YOSEMITE VILLAGE 12 W, CA US","37.7592","-119.8208","2017.8","2015","15","85","51.8","58.8","44.7"
"USW00053151","FALLBROOK 5 NE, CA US","33.4392","-117.1904","347.5","2015","33","105","67.5","79.2","55.7"
"USW00053152","SANTA BARBARA 11 W, CA US","34.4141","-119.8796","5.5","2015","30","91","61.2","70.8","51.7"
"USC00044484","KELSEY 1 N, CA US","38.8088","-120.8208","609.6","2015",,,,,
"USC00043157","FORT BIDWELL, CA US","41.8715","-120.1574","1444.4","2015","-2","98","52.0","64.5","39.5"
"USC00046663","PALOS VERDES ES FC43D, CA US","33.7997","-118.391","67.1","2015",,,,,
"USR0000CWES","WESTWOOD CALIFORNIA, CA US","40.3067","-120.9","1767.8","2015","9","91","51.0","60.5","41.5"
"USC00044259","INDIO FIRE STATION, CA US","33.7086","-116.2152","-6.4","2015","31","115","77.3","88.6","66.0"
"USC00047767","SAN FRANCISCO OCEANSIDE, CA US","37.728","-122.5052","2.4","2015",,,,,
"USR0000CHGL","HIGH GLADE LOOKOUT CALIFORNIA, CA US","39.2083","-122.8083","1475.2","2015","20","92","56.8","65.3","48.4"
"USR0000CLOP","LOS PRIETOS CALIFORNIA, CA US","34.5358","-119.7833","310.9","2015","26","109","65.1","81.2","49.0"
"USC00043161","FORT BRAGG 5 N, CA US","39.5091","-123.7566","37.5","2015",,,,,
"USC00045100","LORAINE 5 NNE, CA US","35.3836","-118.4122","1290.8","2015","15","98","57.6","71.7","43.6"
"USC00046675","PANOCHE 2 W, CA US","36.6066","-120.8841","426.7","2015",,,,,
"USR0000CFAW","FAWNSKIN CALIFORNIA, CA US","34.2661","-116.8989","2103.1","2015","1","88","49.1","64.1","34.0"
"USC00042090","COVINA CITY YARD FC387B, CA US","34.0918","-117.88012","185.0","2015",,,,,
"USC00045360","MARKLEY COVE, CA US","38.4916","-122.1241","146.3","2015","27","108","62.6","77.8","47.4"
"USR0000CFAN","FANCHER CREEK CALIFORNIA, CA US","36.8839","-119.4658","280.4","2015","31","108","67.8","78.1","57.5"
"USR0000CHER","HERNANDEZ CALIFORNIA, CA US","36.3825","-120.8558","1137.8","2015","28","97","60.8","69.5","52.2"
"USC00045118","LOS BANOS, CA US","37.0563","-120.8666","36.6","2015","26","105","64.8","77.8","51.9"
"USC00045119","LOS BANOS ARBURUA RANCH, CA US","36.8749","-120.9386","256.9","2015",,,,,
"US1CASJ0004","STOCKTON 5.8 NNE, CA US","38.0381","-121.2547","10.7","2015",,,,,
"USC00047779","SAN GABRIEL DAM FC425B E, CA US","34.2052","-117.8608","451.4","2015",,,,,
"US1CASJ0005","LODI 1.0 NNW, CA US","38.136","-121.3044","13.1","2015",,,,,
"US1CASJ0006","STOCKTON 3.3 SE, CA US","37.9417","-121.2585","7.0","2015",,,,,
"US1CASJ0007","TRACY 2.1 W, CA US","37.7353","-121.4699","15.8","2015",,,,,
"USC00045598","MIDDLETOWN, CA US","38.74774","-122.62583","341.7","2015",,,,,
"USC00047776","SAN GABRIEL CANYON PH, CA US","34.1553","-117.9078","226.8","2015",,,,,
"USC00046685","PARADISE, CA US","39.7538","-121.6241","533.4","2015","32","103","63.6","73.8","53.5"
"US1CASJ0001","LINDEN 5.8 ENE, CA US","38.0627","-121.0079","44.5","2015",,,,,
"USC00044025","HOLLISTER 2, CA US","36.8483","-121.4213","83.8","2015","26","102","60.2","73.0","47.5"
"USC00047306","REDLANDS, CA US","34.037","-117.1948","429.8","2015",,,,,
"US1CARV0005","HEMET 4.1 ENE, CA US","33.7527","-116.9196","517.6","2015",,,,,
"USR0000CHEL","HELL HOLE CALIFORNIA, CA US","39.0717","-120.4217","1597.2","2015","20","92","54.9","64.0","45.8"
"US1CARV0008","CORONA 12.8 SE, CA US","33.7307","-117.4276","427.9","2015",,,,,
"US1CARV0002","IDYLLWILD 1.8 NW, CA US","33.7631","-116.735","1927.9","2015",,,,,
"USR0000CPUL","PULGAS CALIFORNIA, CA US","37.475","-122.2981","196.3","2015","33","104","61.7","72.9","50.5"
"USR0000CWAL","WALKER PASS CALIFORNIA, CA US","35.6647","-118.0569","1698.3","2015","19","102","60.0","72.7","47.2"
"USR0000CWAK","WALKER CALIFORNIA, CA US","38.5653","-119.4592","1658.1","2015","8","95","55.5","67.0","44.0"
"USC00045378","MARTINEZ WATER PLANT, CA US","38.0131","-122.1142","12.2","2015","24","104","60.6","74.7","46.6"
"USR0000CWAR","WARM SPRINGS CALIFORNIA, CA US","34.5958","-118.5786","1502.7","2015","13","100","62.7","72.2","53.1"
"USW00053119","HANFORD MUNICIPAL AIRPORT, CA US","36.31889","-119.62889","75.9","2015","26","108","65.5","79.8","51.3"
"USC00040931","BOCA, CA US","39.3886","-120.0936","1699.3","2015","-10","93","45.9","64.9","26.9"
"USR0000CLKL","LOWER KLAMATH CALIFORNIA, CA US","41.9992","-121.7003","1249.1","2015","-6","99","49.2","64.5","33.9"
"USW00053120","RAMONA AIRPORT, CA US","33.0375","-116.91583","424.6","2015","24","103","62.7","78.1","47.3"
"USW00053121","OCEANSIDE MUNICIPAL AIRPORT, CA US","33.21944","-117.34944","8.5","2015","26","99","63.7","74.7","52.7"
"USC00044297","IRON MOUNTAIN, CA US","34.1472","-115.1219","281.0","2015","27","117","76.2","88.5","63.9"
"USC00047326","REDONDO BEACH, CA US","33.8342","-118.3759","43.3","2015","35","97","64.7","73.1","56.2"
"US1CARV0020","NORCO 2.3 SE, CA US","33.9059","-117.5178","332.5","2015",,,,,
"USC00049742","WINTERS, CA US","38.5252","-121.9777","41.1","2015","25","110","64.5","78.7","50.4"
"USR0000CHAS","HASTINGS CALIFORNIA, CA US","36.3886","-121.5517","574.5","2015","28","99","60.5","72.3","48.7"
"USR0000CHAY","HAYFORK CALIFORNIA, CA US","40.55","-123.165","708.1","2015","11","107","55.7","73.0","38.4"
"USR0000CHAW","HAWKEYE CALIFORNIA, CA US","38.7817","-122.9169","609.6","2015","33","97","60.8","69.0","52.6"
"USR0000CLIN","LINCOLN CALIFORNIA, CA US","38.8825","-121.2683","61.0","2015","23","107","63.7","77.9","49.5"
"USR0000CRUT","RUTH CALIFORNIA, CA US","40.2506","-123.3158","832.7","2015","13","106","56.0","73.9","38.1"
"USR0000CJER","JERSEYDALE CALIFORNIA, CA US","37.5436","-119.8386","1188.7","2015","18","103","60.9","73.4","48.3"
"USC00047339","REDWOOD CITY, CA US","37.4767","-122.2386","9.4","2015","28","101","61.3","72.6","50.0"
"US1CARV0018","BEAUMONT 2.5 NW, CA US","33.9543","-117.012","771.8","2015",,,,,
"USC00040943","BODIE CALIFORNIA STATE HISTORIC PARK, CA US","38.2119","-119.0142","2551.2","2015","-19","85","39.9","57.7","22.2"
"USR0000CPRD","PANOCHE ROAD CALIFORNIA, CA US","36.7269","-120.7658","619.4","2015","32","99","64.9","72.1","57.8"
"US1CARV0015","NORCO 1.2 S, CA US","33.908","-117.548","201.5","2015",,,,,
"USC00046006","MOUNT WILSON CBS, CA US","34.2308","-118.0711","1740.4","2015","22","93","59.3","69.7","48.9"
